,Number,Name,Fate,EliminatedRound,EliminatedStage,Unnamed: 5,stage,x,y,position_name,dormx,dormy,position1x,position1y,position2x,position2y,position3x,position3y,position4x,position4y,position5x,position5y,position6x,position6y;
0,3,,Moved during Red Light and eliminated Round 1,1 - Red Light Green Light,,,1,426.9205130266024,204.73452617196423,position1,400,400,400,200,570,300,570,500,400,600,230,500,230,300;
1,4,Jang Seung-jong,Eliminated Round 1,1 - Red Light Green Light,,,1,426.8250083803834,195.95575780948366,position1,400,400,400,200,570,300,570,500,400,600,230,500,230,300;
2,5,,Eliminated Round 1,1 - Red Light Green Light,,,1,364.76321810808423,199.25616971946076,position1,400,400,400,200,570,300,570,500,400,600,230,500,230,300;
3,7,,Eliminated Round 1,1 - Red Light Green Light,,,1,392.8800671816164,193.21696100222653,position1,400,400,400,200,570,300,570,500,400,600,230,500,230,300;
4,8,,Eliminated Round 1,1 - Red Light Green Light,,,1,433.34860481021764,207.06152650558937,position1,400,400,400,200,570,300,570,500,400,600,230,500,230,300;
5,9,,Shot after running to doors and eliminated Round 1,1 - Red Light Green Light,,,1,431.2677485987857,189.53765101389558,position1,400,400,400,200,570,300,570,500,400,600,230,500,230,300;
6,10,,Eliminated Round 1,1 - Red Light Green Light,,,1,400.1474902290569,209.25106753463757,position1,400,400,400,200,570,300,570,500,400,600,230,500,230,300;
7,11,,Eliminated Round 1,1 - Red Light Green Light,,,1,433.31863273693904,196.61892517116758,position1,400,400,400,200,570,300,570,500,400,600,230,500,230,300;
8,12,,Eliminated Round 1,1 - Red Light Green Light,,,1,396.03341801889064,198.61410513210822,position1,400,400,400,200,570,300,570,500,400,600,230,500,230,300;
9,13,,Eliminated Round 1,1 - Red Light Green Light,,,1,366.46219925694913,192.6480186045642,position1,400,400,400,200,570,300,570,500,400,600,230,500,230,300;
10,14,,Eliminated Round 1,1 - Red Light Green Light,,,1,419.70776754444785,209.7671391259027,position1,400,400,400,200,570,300,570,500,400,600,230,500,230,300;
11,15,,Ran away during Red Light and eliminated Round 1,1 - Red Light Green Light,,,1,386.4719846213943,187.54718805962645,position1,400,400,400,200,570,300,570,500,400,600,230,500,230,300;
12,16,,Eliminated Round 1,1 - Red Light Green Light,,,1,432.0901008233792,208.87815104273153,position1,400,400,400,200,570,300,570,500,400,600,230,500,230,300;
13,18,,Eliminated Round 1,1 - Red Light Green Light,,,1,375.24397273108985,208.00109212773071,position1,400,400,400,200,570,300,570,500,400,600,230,500,230,300;
14,20,,Eliminated Round 1,1 - Red Light Green Light,,,1,383.507679267587,205.05453682275453,position1,400,400,400,200,570,300,570,500,400,600,230,500,230,300;
15,22,,Shot after running to doors and eliminated Round 1,1 - Red Light Green Light,,,1,408.07191640864374,212.24682092917593,position1,400,400,400,200,570,300,570,500,400,600,230,500,230,300;
16,24,,Eliminated Round 1,1 - Red Light Green Light,,,1,387.74952890215235,187.76137027680068,position1,400,400,400,200,570,300,570,500,400,600,230,500,230,300;
17,25,,Eliminated Round 1,1 - Red Light Green Light,,,1,374.26631240939946,192.75614212128397,position1,400,400,400,200,570,300,570,500,400,600,230,500,230,300;
18,26,,Eliminated Round 1,1 - Red Light Green Light,,,1,427.04927990877053,209.32282808475702,position1,400,400,400,200,570,300,570,500,400,600,230,500,230,300;
19,29,,Eliminated Round 1,1 - Red Light Green Light,,,1,367.59689830278825,206.5842031908729,position1,400,400,400,200,570,300,570,500,400,600,230,500,230,300;
20,33,,Shot after running to doors and eliminated Round 1,1 - Red Light Green Light,,,1,401.8447900546727,186.07139099920104,position1,400,400,400,200,570,300,570,500,400,600,230,500,230,300;
21,34,,Eliminated Round 1,1 - Red Light Green Light,,,1,411.1679072767138,214.4892648066014,position1,400,400,400,200,570,300,570,500,400,600,230,500,230,300;
22,35,,Eliminated Round 1,1 - Red Light Green Light,,,1,424.9716254037986,209.38155906775373,position1,400,400,400,200,570,300,570,500,400,600,230,500,230,300;
23,36,,Eliminated Round 1,1 - Red Light Green Light,,,1,418.4087063883676,208.59998521307747,position1,400,400,400,200,570,300,570,500,400,600,230,500,230,300;
24,39,,Eliminated Round 1,1 - Red Light Green Light,,,1,375.5283488976038,209.6450571731142,position1,400,400,400,200,570,300,570,500,400,600,230,500,230,300;
25,41,,Eliminated Round 1,1 - Red Light Green Light,,,1,427.8117573199693,205.09583965944685,position1,400,400,400,200,570,300,570,500,400,600,230,500,230,300;
26,44,,Eliminated Round 1,1 - Red Light Green Light,,,1,417.0281038256165,206.04526229053758,position1,400,400,400,200,570,300,570,500,400,600,230,500,230,300;
27,46,,Eliminated Round 1,1 - Red Light Green Light,,,1,369.09602591121023,198.84905563411542,position1,400,400,400,200,570,300,570,500,400,600,230,500,230,300;
28,47,,Eliminated Round 1,1 - Red Light Green Light,,,1,405.3831443418524,206.39060380043438,position1,400,400,400,200,570,300,570,500,400,600,230,500,230,300;
29,48,,Eliminated Round 1,1 - Red Light Green Light,,,1,405.1812024099078,187.4515542768685,position1,400,400,400,200,570,300,570,500,400,600,230,500,230,300;
30,50,,Eliminated Round 1,1 - Red Light Green Light,,,1,385.9268151601053,213.25394065797474,position1,400,400,400,200,570,300,570,500,400,600,230,500,230,300;
31,52,,Eliminated Round 1,1 - Red Light Green Light,,,1,415.6006100738977,189.6016661329073,position1,400,400,400,200,570,300,570,500,400,600,230,500,230,300;
32,54,,Eliminated Round 1,1 - Red Light Green Light,,,1,379.82474340798865,213.7566202530868,position1,400,400,400,200,570,300,570,500,400,600,230,500,230,300;
33,56,,Failed to stop in time and eliminated Round 1,1 - Red Light Green Light,,,1,425.3506117853327,213.54600916783036,position1,400,400,400,200,570,300,570,500,400,600,230,500,230,300;
34,57,,Eliminated Round 1,1 - Red Light Green Light,,,1,410.2384975023569,198.65642830258102,position1,400,400,400,200,570,300,570,500,400,600,230,500,230,300;
35,64,,Eliminated Round 1,1 - Red Light Green Light,,,1,392.2077939332347,188.96141333346517,position1,400,400,400,200,570,300,570,500,400,600,230,500,230,300;
36,65,,Eliminated Round 1,1 - Red Light Green Light,,,1,367.53777771717733,212.75606230319767,position1,400,400,400,200,570,300,570,500,400,600,230,500,230,300;
37,70,,Shot after running away and eliminated Round 1,1 - Red Light Green Light,,,1,403.4614989949558,198.05659881354518,position1,400,400,400,200,570,300,570,500,400,600,230,500,230,300;
38,71,,Eliminated Round 1,1 - Red Light Green Light,,,1,430.34526191392405,201.5989366638421,position1,400,400,400,200,570,300,570,500,400,600,230,500,230,300;
39,72,,Eliminated Round 1,1 - Red Light Green Light,,,1,408.9152065627788,203.24648954604692,position1,400,400,400,200,570,300,570,500,400,600,230,500,230,300;
40,73,,Eliminated Round 1,1 - Red Light Green Light,,,1,391.3535203797596,193.79401826633554,position1,400,400,400,200,570,300,570,500,400,600,230,500,230,300;
41,75,,Eliminated Round 1,1 - Red Light Green Light,,,1,369.2770679325976,209.01688891087352,position1,400,400,400,200,570,300,570,500,400,600,230,500,230,300;
42,76,,Eliminated Round 1,1 - Red Light Green Light,,,1,422.05203744713054,209.71107046157996,position1,400,400,400,200,570,300,570,500,400,600,230,500,230,300;
43,77,,Moved during Red Light and eliminated Round 1,1 - Red Light Green Light,,,1,382.19448361991476,206.1101878905479,position1,400,400,400,200,570,300,570,500,400,600,230,500,230,300;
44,78,,Eliminated Round 1,1 - Red Light Green Light,,,1,387.16195328948754,210.39902160400175,position1,400,400,400,200,570,300,570,500,400,600,230,500,230,300;
45,82,,Eliminated Round 1,1 - Red Light Green Light,,,1,368.08264887910747,212.03731898354724,position1,400,400,400,200,570,300,570,500,400,600,230,500,230,300;
46,86,,Eliminated Round 1,1 - Red Light Green Light,,,1,378.28899325925465,209.51798469619078,position1,400,400,400,200,570,300,570,500,400,600,230,500,230,300;
47,90,,Eliminated Round 1,1 - Red Light Green Light,,,1,366.4380911044099,190.94431024077397,position1,400,400,400,200,570,300,570,500,400,600,230,500,230,300;
48,91,,Shot after running to doors and eliminated Round 1,1 - Red Light Green Light,,,1,428.9264328062184,212.323693042421,position1,400,400,400,200,570,300,570,500,400,600,230,500,230,300;
49,92,,Eliminated Round 1,1 - Red Light Green Light,,,1,394.67572450604024,205.7048451133352,position1,400,400,400,200,570,300,570,500,400,600,230,500,230,300;
50,93,,Eliminated Round 1,1 - Red Light Green Light,,,1,435.32939940844955,192.03267409588213,position1,400,400,400,200,570,300,570,500,400,600,230,500,230,300;
51,94,,Eliminated Round 1,1 - Red Light Green Light,,,1,423.9384379164374,215.42358394011237,position1,400,400,400,200,570,300,570,500,400,600,230,500,230,300;
52,97,,Shot after running to doors and eliminated Round 1,1 - Red Light Green Light,,,1,405.54045715564644,214.6363271219638,position1,400,400,400,200,570,300,570,500,400,600,230,500,230,300;
53,98,,Eliminated Round 1,1 - Red Light Green Light,,,1,379.46576421122245,211.1385223462279,position1,400,400,400,200,570,300,570,500,400,600,230,500,230,300;
54,99,,Eliminated Round 1,1 - Red Light Green Light,,,1,413.32187500798995,200.87207758818116,position1,400,400,400,200,570,300,570,500,400,600,230,500,230,300;
55,102,,Eliminated Round 1,1 - Red Light Green Light,,,1,394.6848714063698,208.0349202963982,position1,400,400,400,200,570,300,570,500,400,600,230,500,230,300;
56,104,,Eliminated Round 1,1 - Red Light Green Light,,,1,408.44789184175335,197.8580640102448,position1,400,400,400,200,570,300,570,500,400,600,230,500,230,300;
57,106,,Eliminated Round 1,1 - Red Light Green Light,,,1,406.60724671655373,207.42677442891534,position1,400,400,400,200,570,300,570,500,400,600,230,500,230,300;
58,107,Kim Mi-ok,Eliminated Round 1,1 - Red Light Green Light,,,1,400.49957894484174,206.6410420271144,position1,400,400,400,200,570,300,570,500,400,600,230,500,230,300;
59,108,,Eliminated Round 1,1 - Red Light Green Light,,,1,393.2630947909195,188.31715154968435,position1,400,400,400,200,570,300,570,500,400,600,230,500,230,300;
60,112,,Ran out of time and eliminated Round 1,1 - Red Light Green Light,,,1,388.7515796403713,203.22021009739785,position1,400,400,400,200,570,300,570,500,400,600,230,500,230,300;
61,114,,Eliminated Round 1,1 - Red Light Green Light,,,1,424.7940454322137,216.11072091218742,position1,400,400,400,200,570,300,570,500,400,600,230,500,230,300;
62,118,Oh Yeong-uk,Eliminated Round 1,1 - Red Light Green Light,,,1,428.00096471981186,213.87867992332414,position1,400,400,400,200,570,300,570,500,400,600,230,500,230,300;
63,121,,Shot after running to doors and eliminated Round 1,1 - Red Light Green Light,,,1,410.2253070482485,206.6749396364049,position1,400,400,400,200,570,300,570,500,400,600,230,500,230,300;
64,123,,Ran out of time and eliminated Round 1,1 - Red Light Green Light,,,1,405.5799648428682,213.9912655551536,position1,400,400,400,200,570,300,570,500,400,600,230,500,230,300;
65,124,,Eliminated Round 1,1 - Red Light Green Light,,,1,429.47911819169104,196.00634501495608,position1,400,400,400,200,570,300,570,500,400,600,230,500,230,300;
66,125,,Shot after running to doors and eliminated Round 1,1 - Red Light Green Light,,,1,405.88130695935655,194.51278885326383,position1,400,400,400,200,570,300,570,500,400,600,230,500,230,300;
67,127,,Eliminated Round 1,1 - Red Light Green Light,,,1,424.7428893989799,216.2630462257531,position1,400,400,400,200,570,300,570,500,400,600,230,500,230,300;
68,128,,Moved during Red Light and eliminated Round 1,1 - Red Light Green Light,,,1,410.1216937005253,207.6636839450519,position1,400,400,400,200,570,300,570,500,400,600,230,500,230,300;
69,129,,Eliminated Round 1,1 - Red Light Green Light,,,1,385.48304688695225,202.78909659505365,position1,400,400,400,200,570,300,570,500,400,600,230,500,230,300;
70,133,,Shot after running away and eliminated Round 1,1 - Red Light Green Light,,,1,371.0127780570594,216.11139671798182,position1,400,400,400,200,570,300,570,500,400,600,230,500,230,300;
71,134,,Eliminated Round 1,1 - Red Light Green Light,,,1,373.9007149814208,205.93461679543424,position1,400,400,400,200,570,300,570,500,400,600,230,500,230,300;
72,136,,Eliminated Round 1,1 - Red Light Green Light,,,1,393.3812749131626,193.63107101854038,position1,400,400,400,200,570,300,570,500,400,600,230,500,230,300;
73,137,,Eliminated Round 1,1 - Red Light Green Light,,,1,428.6025622274666,208.000799210946,position1,400,400,400,200,570,300,570,500,400,600,230,500,230,300;
74,138,,Eliminated Round 1,1 - Red Light Green Light,,,1,365.8899547180323,200.87315559397683,position1,400,400,400,200,570,300,570,500,400,600,230,500,230,300;
75,139,,Eliminated Round 1,1 - Red Light Green Light,,,1,369.67679638736854,203.75915187360079,position1,400,400,400,200,570,300,570,500,400,600,230,500,230,300;
76,140,,Eliminated Round 1,1 - Red Light Green Light,,,1,406.4938820618628,194.71468696743497,position1,400,400,400,200,570,300,570,500,400,600,230,500,230,300;
77,141,,Eliminated Round 1,1 - Red Light Green Light,,,1,428.54997053514614,211.3483385876506,position1,400,400,400,200,570,300,570,500,400,600,230,500,230,300;
78,142,,Eliminated Round 1,1 - Red Light Green Light,,,1,418.13991087101215,202.0432658896059,position1,400,400,400,200,570,300,570,500,400,600,230,500,230,300;
79,143,,Eliminated Round 1,1 - Red Light Green Light,,,1,369.26419233212397,214.30686430240638,position1,400,400,400,200,570,300,570,500,400,600,230,500,230,300;
80,144,,Eliminated Round 1,1 - Red Light Green Light,,,1,406.61512651317537,215.0234847183996,position1,400,400,400,200,570,300,570,500,400,600,230,500,230,300;
81,145,,Eliminated Round 1,1 - Red Light Green Light,,,1,387.3434105245546,195.0096663114513,position1,400,400,400,200,570,300,570,500,400,600,230,500,230,300;
82,147,,Eliminated Round 1,1 - Red Light Green Light,,,1,411.8076442042422,210.23295366656396,position1,400,400,400,200,570,300,570,500,400,600,230,500,230,300;
83,149,,Ran out of time and eliminated Round 1,1 - Red Light Green Light,,,1,407.8123363572935,199.59988682886186,position1,400,400,400,200,570,300,570,500,400,600,230,500,230,300;
84,152,,Shot after running to doors and eliminated Round 1,1 - Red Light Green Light,,,1,383.9646947573084,195.98871409611368,position1,400,400,400,200,570,300,570,500,400,600,230,500,230,300;
85,153,,Eliminated Round 1,1 - Red Light Green Light,,,1,412.2128693576007,188.74292873212892,position1,400,400,400,200,570,300,570,500,400,600,230,500,230,300;
86,154,,Shot and eliminated Round 1 while crawling towards doors after surviving initial elimination,1 - Red Light Green Light,,,1,392.6544198867275,193.60039644584919,position1,400,400,400,200,570,300,570,500,400,600,230,500,230,300;
87,155,,Shot after running away and eliminated Round 1,1 - Red Light Green Light,,,1,424.57251697472054,216.5956012780478,position1,400,400,400,200,570,300,570,500,400,600,230,500,230,300;
88,157,,Eliminated Round 1,1 - Red Light Green Light,,,1,432.4630317087668,195.3431959452087,position1,400,400,400,200,570,300,570,500,400,600,230,500,230,300;
89,159,,Eliminated Round 1,1 - Red Light Green Light,,,1,390.9604267500252,212.14725551187212,position1,400,400,400,200,570,300,570,500,400,600,230,500,230,300;
90,160,,Eliminated Round 1,1 - Red Light Green Light,,,1,429.5599478697753,194.5076259957695,position1,400,400,400,200,570,300,570,500,400,600,230,500,230,300;
91,161,,Eliminated Round 1,1 - Red Light Green Light,,,1,385.02023550355284,198.83376751587846,position1,400,400,400,200,570,300,570,500,400,600,230,500,230,300;
92,162,,Eliminated Round 1,1 - Red Light Green Light,,,1,415.8389899947563,213.19915732255973,position1,400,400,400,200,570,300,570,500,400,600,230,500,230,300;
93,163,,Eliminated Round 1,1 - Red Light Green Light,,,1,417.92132516431957,210.54976471970346,position1,400,400,400,200,570,300,570,500,400,600,230,500,230,300;
94,164,,Eliminated Round 1,1 - Red Light Green Light,,,1,423.33526257093104,198.02813051527949,position1,400,400,400,200,570,300,570,500,400,600,230,500,230,300;
95,165,,Eliminated Round 1,1 - Red Light Green Light,,,1,421.9480113544369,209.3293516816123,position1,400,400,400,200,570,300,570,500,400,600,230,500,230,300;
96,166,,Eliminated Round 1,1 - Red Light Green Light,,,1,417.90396983304794,213.9163344572378,position1,400,400,400,200,570,300,570,500,400,600,230,500,230,300;
97,167,,Eliminated Round 1,1 - Red Light Green Light,,,1,407.1326383848252,188.9187049346113,position1,400,400,400,200,570,300,570,500,400,600,230,500,230,300;
98,168,,Eliminated Round 1,1 - Red Light Green Light,,,1,391.399730714011,189.48848694100107,position1,400,400,400,200,570,300,570,500,400,600,230,500,230,300;
99,169,,Eliminated Round 1,1 - Red Light Green Light,,,1,434.35223795703837,203.65565813730126,position1,400,400,400,200,570,300,570,500,400,600,230,500,230,300;
100,170,,Eliminated Round 1,1 - Red Light Green Light,,,1,391.6494618270686,188.71263691238605,position1,400,400,400,200,570,300,570,500,400,600,230,500,230,300;
101,171,,Eliminated Round 1,1 - Red Light Green Light,,,1,416.4431090203703,203.0456801473911,position1,400,400,400,200,570,300,570,500,400,600,230,500,230,300;
102,172,,Eliminated Round 1,1 - Red Light Green Light,,,1,368.6993660321429,192.8949038499193,position1,400,400,400,200,570,300,570,500,400,600,230,500,230,300;
103,173,,Eliminated Round 1,1 - Red Light Green Light,,,1,425.39428177846037,196.0145464185236,position1,400,400,400,200,570,300,570,500,400,600,230,500,230,300;
104,174,,Eliminated Round 1,1 - Red Light Green Light,,,1,373.8347953273002,193.95097758779076,position1,400,400,400,200,570,300,570,500,400,600,230,500,230,300;
105,175,,Eliminated Round 1,1 - Red Light Green Light,,,1,382.81466785926915,204.67621802878307,position1,400,400,400,200,570,300,570,500,400,600,230,500,230,300;
106,176,,Eliminated Round 1,1 - Red Light Green Light,,,1,405.7137118647769,188.4465585127502,position1,400,400,400,200,570,300,570,500,400,600,230,500,230,300;
107,177,,Eliminated Round 1,1 - Red Light Green Light,,,1,409.68756780401804,207.45094016178174,position1,400,400,400,200,570,300,570,500,400,600,230,500,230,300;
108,178,,Eliminated Round 1,1 - Red Light Green Light,,,1,382.6128261575714,192.5194533889585,position1,400,400,400,200,570,300,570,500,400,600,230,500,230,300;
109,179,,Eliminated Round 1,1 - Red Light Green Light,,,1,382.80183126410014,206.43010186318176,position1,400,400,400,200,570,300,570,500,400,600,230,500,230,300;
110,180,,Eliminated Round 1,1 - Red Light Green Light,,,1,364.75136742646134,197.751585564193,position1,400,400,400,200,570,300,570,500,400,600,230,500,230,300;
111,181,,Eliminated Round 1,1 - Red Light Green Light,,,1,406.1000289223897,187.3388882213707,position1,400,400,400,200,570,300,570,500,400,600,230,500,230,300;
112,183,,Ran out of time and eliminated Round 1,1 - Red Light Green Light,,,1,394.68429876454843,190.44376497026244,position1,400,400,400,200,570,300,570,500,400,600,230,500,230,300;
113,185,,Eliminated Round 1,1 - Red Light Green Light,,,1,390.65976783465084,187.87943696534208,position1,400,400,400,200,570,300,570,500,400,600,230,500,230,300;
114,186,,Shot after running to doors and eliminated Round 1,1 - Red Light Green Light,,,1,408.3050017035326,201.84682796872073,position1,400,400,400,200,570,300,570,500,400,600,230,500,230,300;
115,187,,Eliminated Round 1,1 - Red Light Green Light,,,1,425.2183615892801,190.5517456770666,position1,400,400,400,200,570,300,570,500,400,600,230,500,230,300;
116,189,,Eliminated Round 1,1 - Red Light Green Light,,,1,389.28319678122233,205.5661991228068,position1,400,400,400,200,570,300,570,500,400,600,230,500,230,300;
117,190,,Eliminated Round 1,1 - Red Light Green Light,,,1,366.12502055294743,198.92428104548583,position1,400,400,400,200,570,300,570,500,400,600,230,500,230,300;
118,191,,Eliminated Round 1,1 - Red Light Green Light,,,1,416.49067961113246,195.6678591598953,position1,400,400,400,200,570,300,570,500,400,600,230,500,230,300;
119,192,,Eliminated Round 1,1 - Red Light Green Light,,,1,384.49445136245936,203.70624954949164,position1,400,400,400,200,570,300,570,500,400,600,230,500,230,300;
120,193,,Eliminated Round 1,1 - Red Light Green Light,,,1,393.8094864548761,199.4660221440435,position1,400,400,400,200,570,300,570,500,400,600,230,500,230,300;
121,195,,Shot twice after running away and eliminated Round 1,1 - Red Light Green Light,,,1,404.9467260307026,188.66998443405183,position1,400,400,400,200,570,300,570,500,400,600,230,500,230,300;
122,201,,Shot after running away and eliminated Round 1,1 - Red Light Green Light,,,1,405.2209349543251,195.5434357276339,position1,400,400,400,200,570,300,570,500,400,600,230,500,230,300;
123,202,,Eliminated Round 1,1 - Red Light Green Light,,,1,378.5875803110114,211.73316564491125,position1,400,400,400,200,570,300,570,500,400,600,230,500,230,300;
124,203,,Shot after running away and eliminated Round 1,1 - Red Light Green Light,,,1,414.36388804783917,208.62602924688215,position1,400,400,400,200,570,300,570,500,400,600,230,500,230,300;
125,205,,Shot and eliminated Round 1,1 - Red Light Green Light,,,1,396.78876480074365,191.9601856035981,position1,400,400,400,200,570,300,570,500,400,600,230,500,230,300;
126,207,,Eliminated Round 1,1 - Red Light Green Light,,,1,367.6094211424319,213.85725808918403,position1,400,400,400,200,570,300,570,500,400,600,230,500,230,300;
127,208,,Ran out of time and eliminated Round 1,1 - Red Light Green Light,,,1,412.6383848290923,206.89991691446133,position1,400,400,400,200,570,300,570,500,400,600,230,500,230,300;
128,210,,Eliminated Round 1,1 - Red Light Green Light,,,1,416.1758337292003,213.32062193257377,position1,400,400,400,200,570,300,570,500,400,600,230,500,230,300;
129,213,,Eliminated Round 1,1 - Red Light Green Light,,,1,404.6498922483005,188.37789819197516,position1,400,400,400,200,570,300,570,500,400,600,230,500,230,300;
130,214,,Eliminated Round 1,1 - Red Light Green Light,,,1,382.9986252808859,191.6847847863779,position1,400,400,400,200,570,300,570,500,400,600,230,500,230,300;
131,216,,Eliminated Round 1,1 - Red Light Green Light,,,1,410.80472134784895,187.77922556661525,position1,400,400,400,200,570,300,570,500,400,600,230,500,230,300;
132,217,,Shot after running to doors and eliminated Round 1,1 - Red Light Green Light,,,1,386.13551797647153,214.11092956969054,position1,400,400,400,200,570,300,570,500,400,600,230,500,230,300;
133,219,,Eliminated Round 1,1 - Red Light Green Light,,,1,389.4520212917764,214.6554354481034,position1,400,400,400,200,570,300,570,500,400,600,230,500,230,300;
134,220,,Eliminated Round 1,1 - Red Light Green Light,,,1,412.19149237164106,196.65461447396297,position1,400,400,400,200,570,300,570,500,400,600,230,500,230,300;
135,221,,Shot after running to doors and eliminated Round 1,1 - Red Light Green Light,,,1,386.6736849988797,206.7112746129903,position1,400,400,400,200,570,300,570,500,400,600,230,500,230,300;
136,225,,Shot after running to doors and eliminated Round 1,1 - Red Light Green Light,,,1,422.6319354218059,190.2416447230983,position1,400,400,400,200,570,300,570,500,400,600,230,500,230,300;
137,227,,Eliminated Round 1,1 - Red Light Green Light,,,1,394.2651202165548,209.88428879923393,position1,400,400,400,200,570,300,570,500,400,600,230,500,230,300;
138,228,,Shot after running to doors and eliminated Round 1,1 - Red Light Green Light,,,1,400.313209799626,208.39131411006815,position1,400,400,400,200,570,300,570,500,400,600,230,500,230,300;
139,230,,Eliminated Round 1,1 - Red Light Green Light,,,1,378.4332612473572,192.0732160286978,position1,400,400,400,200,570,300,570,500,400,600,230,500,230,300;
140,232,,Eliminated Round 1,1 - Red Light Green Light,,,1,417.45937154483977,197.63142104836817,position1,400,400,400,200,570,300,570,500,400,600,230,500,230,300;
141,235,,Eliminated Round 1,1 - Red Light Green Light,,,1,378.8337640429147,208.02945740660297,position1,400,400,400,200,570,300,570,500,400,600,230,500,230,300;
142,236,,Ran out of time and eliminated Round 1,1 - Red Light Green Light,,,1,374.3442658963197,200.48059267146934,position1,400,400,400,200,570,300,570,500,400,600,230,500,230,300;
143,238,,Eliminated Round 1,1 - Red Light Green Light,,,1,415.77277562465235,197.99054855673262,position1,400,400,400,200,570,300,570,500,400,600,230,500,230,300;
144,246,,Shot after running to doors and eliminated Round 1,1 - Red Light Green Light,,,1,374.6187601973843,194.41373217841382,position1,400,400,400,200,570,300,570,500,400,600,230,500,230,300;
145,248,,Eliminated Round 1,1 - Red Light Green Light,,,1,424.68171408374945,205.00500575848793,position1,400,400,400,200,570,300,570,500,400,600,230,500,230,300;
146,249,,Eliminated Round 1,1 - Red Light Green Light,,,1,379.91560864324697,193.71760736986383,position1,400,400,400,200,570,300,570,500,400,600,230,500,230,300;
147,250,,Ran away during Red Light and eliminated Round 1,1 - Red Light Green Light,,,1,411.8189594226953,202.23426344105755,position1,400,400,400,200,570,300,570,500,400,600,230,500,230,300;
148,251,,Eliminated Round 1,1 - Red Light Green Light,,,1,382.89319889888105,193.61556138228568,position1,400,400,400,200,570,300,570,500,400,600,230,500,230,300;
149,252,,Eliminated Round 1,1 - Red Light Green Light,,,1,370.9088881371807,196.68016456981255,position1,400,400,400,200,570,300,570,500,400,600,230,500,230,300;
150,253,,Eliminated Round 1,1 - Red Light Green Light,,,1,394.9154938877427,190.87022817549698,position1,400,400,400,200,570,300,570,500,400,600,230,500,230,300;
151,254,,Eliminated Round 1,1 - Red Light Green Light,,,1,382.29164107391244,212.9317988633309,position1,400,400,400,200,570,300,570,500,400,600,230,500,230,300;
152,255,,Eliminated Round 1,1 - Red Light Green Light,,,1,376.7812582300546,214.9853609687726,position1,400,400,400,200,570,300,570,500,400,600,230,500,230,300;
153,256,,Eliminated Round 1,1 - Red Light Green Light,,,1,427.80432197791447,188.11933273635358,position1,400,400,400,200,570,300,570,500,400,600,230,500,230,300;
154,257,,Eliminated Round 1,1 - Red Light Green Light,,,1,410.4974399770945,188.1723866987175,position1,400,400,400,200,570,300,570,500,400,600,230,500,230,300;
155,258,,Eliminated Round 1,1 - Red Light Green Light,,,1,366.27050690715294,200.71517009044436,position1,400,400,400,200,570,300,570,500,400,600,230,500,230,300;
156,259,,Failed to stop in time and eliminated Round 1,1 - Red Light Green Light,,,1,367.45827060378247,195.31803093274883,position1,400,400,400,200,570,300,570,500,400,600,230,500,230,300;
157,260,,Failed to stop in time and eliminated Round 1,1 - Red Light Green Light,,,1,420.72169297489006,205.9254824031173,position1,400,400,400,200,570,300,570,500,400,600,230,500,230,300;
158,261,,Failed to stop in time and eliminated Round 1,1 - Red Light Green Light,,,1,413.17951512491067,209.6317537006129,position1,400,400,400,200,570,300,570,500,400,600,230,500,230,300;
159,262,,Failed to stop in time and eliminated Round 1,1 - Red Light Green Light,,,1,423.9458819697899,209.2334691316113,position1,400,400,400,200,570,300,570,500,400,600,230,500,230,300;
160,263,,Moved during Red Light and eliminated Round 1,1 - Red Light Green Light,,,1,374.5323883028929,195.86045902475388,position1,400,400,400,200,570,300,570,500,400,600,230,500,230,300;
161,264,,Eliminated Round 1,1 - Red Light Green Light,,,1,412.8256246031763,200.94688311915615,position1,400,400,400,200,570,300,570,500,400,600,230,500,230,300;
162,265,,Eliminated Round 1,1 - Red Light Green Light,,,1,398.15086689533643,210.39963649741316,position1,400,400,400,200,570,300,570,500,400,600,230,500,230,300;
163,266,,Eliminated Round 1,1 - Red Light Green Light,,,1,406.38343288902587,206.3338955901312,position1,400,400,400,200,570,300,570,500,400,600,230,500,230,300;
164,267,,Eliminated Round 1,1 - Red Light Green Light,,,1,426.8177671166152,205.439834672021,position1,400,400,400,200,570,300,570,500,400,600,230,500,230,300;
165,268,,Eliminated Round 1,1 - Red Light Green Light,,,1,400.8511796799018,189.94188321114717,position1,400,400,400,200,570,300,570,500,400,600,230,500,230,300;
166,269,,Eliminated Round 1,1 - Red Light Green Light,,,1,403.6712102674653,211.7429744472516,position1,400,400,400,200,570,300,570,500,400,600,230,500,230,300;
167,270,,Eliminated Round 1,1 - Red Light Green Light,,,1,376.15953796422883,186.6310924372929,position1,400,400,400,200,570,300,570,500,400,600,230,500,230,300;
168,272,,Moved during Red Light and eliminated Round 1,1 - Red Light Green Light,,,1,377.43699260247274,203.2493672706152,position1,400,400,400,200,570,300,570,500,400,600,230,500,230,300;
169,274,,Moved during Red Light and eliminated Round 1,1 - Red Light Green Light,,,1,428.00814959171345,189.36842855801194,position1,400,400,400,200,570,300,570,500,400,600,230,500,230,300;
170,275,,Eliminated Round 1,1 - Red Light Green Light,,,1,381.59122184246394,205.40589110344962,position1,400,400,400,200,570,300,570,500,400,600,230,500,230,300;
171,276,,Shot after running to doors and eliminated Round 1,1 - Red Light Green Light,,,1,432.76417000081403,197.69973510904495,position1,400,400,400,200,570,300,570,500,400,600,230,500,230,300;
172,280,,Shot after running away and eliminated Round 1,1 - Red Light Green Light,,,1,401.73587579350175,207.5019954609985,position1,400,400,400,200,570,300,570,500,400,600,230,500,230,300;
173,281,,Moved during Red Light and eliminated Round 1,1 - Red Light Green Light,,,1,414.2771448354889,188.83141340398308,position1,400,400,400,200,570,300,570,500,400,600,230,500,230,300;
174,282,,Eliminated Round 1,1 - Red Light Green Light,,,1,409.319420564823,205.4177927788704,position1,400,400,400,200,570,300,570,500,400,600,230,500,230,300;
175,283,,Eliminated Round 1,1 - Red Light Green Light,,,1,382.4339682251164,194.64852238411885,position1,400,400,400,200,570,300,570,500,400,600,230,500,230,300;
176,284,,Eliminated Round 1,1 - Red Light Green Light,,,1,409.6956276052417,201.17567033216747,position1,400,400,400,200,570,300,570,500,400,600,230,500,230,300;
177,285,,Eliminated Round 1,1 - Red Light Green Light,,,1,412.00028376394016,213.20390290873303,position1,400,400,400,200,570,300,570,500,400,600,230,500,230,300;
178,286,,Eliminated Round 1,1 - Red Light Green Light,,,1,418.68623580443426,196.3850169497035,position1,400,400,400,200,570,300,570,500,400,600,230,500,230,300;
179,287,,Eliminated Round 1,1 - Red Light Green Light,,,1,367.5355395579413,200.23681530925813,position1,400,400,400,200,570,300,570,500,400,600,230,500,230,300;
180,288,,Shot after running away and eliminated Round 1,1 - Red Light Green Light,,,1,400.8730425740625,207.09303901395495,position1,400,400,400,200,570,300,570,500,400,600,230,500,230,300;
181,289,,Moved during Red Light and eliminated Round 1,1 - Red Light Green Light,,,1,430.39665465858604,209.72103913392755,position1,400,400,400,200,570,300,570,500,400,600,230,500,230,300;
182,290,,Eliminated Round 1,1 - Red Light Green Light,,,1,402.90907155823936,188.00046546473678,position1,400,400,400,200,570,300,570,500,400,600,230,500,230,300;
183,291,,Eliminated Round 1,1 - Red Light Green Light,,,1,387.4697885648466,186.88662377652474,position1,400,400,400,200,570,300,570,500,400,600,230,500,230,300;
184,292,,Eliminated Round 1,1 - Red Light Green Light,,,1,380.237350665914,192.71527137301302,position1,400,400,400,200,570,300,570,500,400,600,230,500,230,300;
185,293,,Eliminated Round 1,1 - Red Light Green Light,,,1,405.13685695927296,203.00735800905883,position1,400,400,400,200,570,300,570,500,400,600,230,500,230,300;
186,294,,Eliminated Round 1,1 - Red Light Green Light,,,1,392.1833701055194,187.06112177766565,position1,400,400,400,200,570,300,570,500,400,600,230,500,230,300;
187,295,,Eliminated Round 1,1 - Red Light Green Light,,,1,412.45507312756024,195.30842264961385,position1,400,400,400,200,570,300,570,500,400,600,230,500,230,300;
188,296,,Eliminated Round 1,1 - Red Light Green Light,,,1,391.9475081080173,200.40761731059953,position1,400,400,400,200,570,300,570,500,400,600,230,500,230,300;
189,297,,Eliminated Round 1,1 - Red Light Green Light,,,1,407.75359193323055,213.03434501371572,position1,400,400,400,200,570,300,570,500,400,600,230,500,230,300;
190,298,,Moved during Red Light and eliminated Round 1,1 - Red Light Green Light,,,1,364.8176148471137,195.340698070623,position1,400,400,400,200,570,300,570,500,400,600,230,500,230,300;
191,299,,Eliminated Round 1,1 - Red Light Green Light,,,1,376.05021915133017,205.38334283630448,position1,400,400,400,200,570,300,570,500,400,600,230,500,230,300;
192,300,,Eliminated Round 1,1 - Red Light Green Light,,,1,430.65730503322555,190.29476480666534,position1,400,400,400,200,570,300,570,500,400,600,230,500,230,300;
193,304,,Eliminated Round 1,1 - Red Light Green Light,,,1,389.25725275236664,201.5379334682616,position1,400,400,400,200,570,300,570,500,400,600,230,500,230,300;
194,305,,Eliminated Round 1,1 - Red Light Green Light,,,1,413.37288556913734,209.99450203441964,position1,400,400,400,200,570,300,570,500,400,600,230,500,230,300;
195,306,,Moved during Red Light and eliminated Round 1,1 - Red Light Green Light,,,1,406.0830172450053,210.3218092535404,position1,400,400,400,200,570,300,570,500,400,600,230,500,230,300;
196,307,,Eliminated Round 1,1 - Red Light Green Light,,,1,376.98435421409033,212.69850096532303,position1,400,400,400,200,570,300,570,500,400,600,230,500,230,300;
197,309,,Ran out of time and eliminated Round 1,1 - Red Light Green Light,,,1,366.34374684840463,201.68206101216262,position1,400,400,400,200,570,300,570,500,400,600,230,500,230,300;
198,310,,Eliminated Round 1,1 - Red Light Green Light,,,1,399.32033725035404,206.39424984546832,position1,400,400,400,200,570,300,570,500,400,600,230,500,230,300;
199,312,,Eliminated Round 1,1 - Red Light Green Light,,,1,425.2518265245842,188.92720036790476,position1,400,400,400,200,570,300,570,500,400,600,230,500,230,300;
200,313,,Eliminated Round 1,1 - Red Light Green Light,,,1,424.6450466278653,195.06389247864348,position1,400,400,400,200,570,300,570,500,400,600,230,500,230,300;
201,316,,Eliminated Round 1,1 - Red Light Green Light,,,1,398.8620630359305,186.1261624279399,position1,400,400,400,200,570,300,570,500,400,600,230,500,230,300;
202,317,,Eliminated Round 1,1 - Red Light Green Light,,,1,414.23070220224116,210.7496773736641,position1,400,400,400,200,570,300,570,500,400,600,230,500,230,300;
203,318,,Eliminated Round 1,1 - Red Light Green Light,,,1,430.65971766261487,194.95498143364526,position1,400,400,400,200,570,300,570,500,400,600,230,500,230,300;
204,319,,Eliminated Round 1,1 - Red Light Green Light,,,1,416.57118417047946,213.80752714277028,position1,400,400,400,200,570,300,570,500,400,600,230,500,230,300;
205,320,,Ran out of time and eliminated Round 1,1 - Red Light Green Light,,,1,402.4338726604719,188.3979791892318,position1,400,400,400,200,570,300,570,500,400,600,230,500,230,300;
206,321,,Ran out of time and eliminated Round 1,1 - Red Light Green Light,,,1,378.71992853759537,206.027507813533,position1,400,400,400,200,570,300,570,500,400,600,230,500,230,300;
207,323,,Ran out of time and eliminated Round 1,1 - Red Light Green Light,,,1,435.1832994995089,194.46392947695298,position1,400,400,400,200,570,300,570,500,400,600,230,500,230,300;
208,324,,Moved during Red Light and eliminated Round 1,1 - Red Light Green Light,,,1,400.4806288086484,214.0245912153203,position1,400,400,400,200,570,300,570,500,400,600,230,500,230,300;
209,325,,Ran out of time and eliminated Round 1,1 - Red Light Green Light,,,1,433.28562054324664,188.63841849909153,position1,400,400,400,200,570,300,570,500,400,600,230,500,230,300;
210,326,,Shot after running to doors and eliminated Round 1,1 - Red Light Green Light,,,1,370.01482760739907,207.10336014910177,position1,400,400,400,200,570,300,570,500,400,600,230,500,230,300;
211,329,,Shot after running to doors and eliminated Round 1,1 - Red Light Green Light,,,1,375.2763287577502,208.3003601563413,position1,400,400,400,200,570,300,570,500,400,600,230,500,230,300;
212,331,,Eliminated Round 1,1 - Red Light Green Light,,,1,376.88415234463093,205.0703751076728,position1,400,400,400,200,570,300,570,500,400,600,230,500,230,300;
213,333,,Ran out of time and eliminated Round 1,1 - Red Light Green Light,,,1,413.56303849835166,190.72297848833918,position1,400,400,400,200,570,300,570,500,400,600,230,500,230,300;
214,334,,Ran out of time and eliminated Round 1,1 - Red Light Green Light,,,1,395.2389848699088,195.30014627549627,position1,400,400,400,200,570,300,570,500,400,600,230,500,230,300;
215,339,,Shot after running away and eliminated Round 1,1 - Red Light Green Light,,,1,431.3650685430543,192.5887798519956,position1,400,400,400,200,570,300,570,500,400,600,230,500,230,300;
216,340,,Eliminated Round 1,1 - Red Light Green Light,,,1,409.42731580687996,199.86744538933482,position1,400,400,400,200,570,300,570,500,400,600,230,500,230,300;
217,343,,Eliminated Round 1,1 - Red Light Green Light,,,1,425.17170440108924,186.493356416551,position1,400,400,400,200,570,300,570,500,400,600,230,500,230,300;
218,345,,Eliminated Round 1,1 - Red Light Green Light,,,1,370.98517248467994,190.53196190794947,position1,400,400,400,200,570,300,570,500,400,600,230,500,230,300;
219,355,,Eliminated Round 1,1 - Red Light Green Light,,,1,435.2677214009378,197.2916794527724,position1,400,400,400,200,570,300,570,500,400,600,230,500,230,300;
220,356,,Eliminated Round 1,1 - Red Light Green Light,,,1,393.1089492155427,194.71851430111872,position1,400,400,400,200,570,300,570,500,400,600,230,500,230,300;
221,359,,Eliminated Round 1,1 - Red Light Green Light,,,1,423.8577066204612,197.0208715710826,position1,400,400,400,200,570,300,570,500,400,600,230,500,230,300;
222,362,,Eliminated Round 1,1 - Red Light Green Light,,,1,369.5350598867264,197.85773826571963,position1,400,400,400,200,570,300,570,500,400,600,230,500,230,300;
223,366,,Shot after running away and eliminated Round 1,1 - Red Light Green Light,,,1,422.52124648531264,192.65055634079422,position1,400,400,400,200,570,300,570,500,400,600,230,500,230,300;
224,368,,Shot after running to doors and eliminated Round 1,1 - Red Light Green Light,,,1,420.1940505426919,197.19394305116455,position1,400,400,400,200,570,300,570,500,400,600,230,500,230,300;
225,369,,Shot after running to doors and eliminated Round 1,1 - Red Light Green Light,,,1,378.9026006172089,187.82843112718288,position1,400,400,400,200,570,300,570,500,400,600,230,500,230,300;
226,370,,Shot after running to doors and eliminated Round 1,1 - Red Light Green Light,,,1,379.1072661461408,213.9241388554465,position1,400,400,400,200,570,300,570,500,400,600,230,500,230,300;
227,372,,Moved during Red Light and eliminated Round 1,1 - Red Light Green Light,,,1,367.0142038748009,205.69138080537894,position1,400,400,400,200,570,300,570,500,400,600,230,500,230,300;
228,382,,Eliminated Round 1,1 - Red Light Green Light,,,1,422.6177533230633,196.5716912489934,position1,400,400,400,200,570,300,570,500,400,600,230,500,230,300;
229,384,,Eliminated Round 1,1 - Red Light Green Light,,,1,405.2402540258446,207.4130483856382,position1,400,400,400,200,570,300,570,500,400,600,230,500,230,300;
230,389,,Eliminated Round 1,1 - Red Light Green Light,,,1,377.4415348566335,204.0765737731315,position1,400,400,400,200,570,300,570,500,400,600,230,500,230,300;
231,393,,Eliminated Round 1,1 - Red Light Green Light,,,1,393.6616282346046,194.86713632540832,position1,400,400,400,200,570,300,570,500,400,600,230,500,230,300;
232,398,,Ran out of time and eliminated Round 1,1 - Red Light Green Light,,,1,412.61665807823607,213.04174318759237,position1,400,400,400,200,570,300,570,500,400,600,230,500,230,300;
233,399,,Shot after running to doors and eliminated Round 1,1 - Red Light Green Light,,,1,434.1552369184771,199.91303186926547,position1,400,400,400,200,570,300,570,500,400,600,230,500,230,300;
234,400,,Eliminated Round 1,1 - Red Light Green Light,,,1,405.9201980196991,185.50053948839738,position1,400,400,400,200,570,300,570,500,400,600,230,500,230,300;
235,405,,Ran out of time and eliminated Round 1,1 - Red Light Green Light,,,1,400.3980429308579,200.91485924486022,position1,400,400,400,200,570,300,570,500,400,600,230,500,230,300;
236,409,,Ran out of time and eliminated Round 1,1 - Red Light Green Light,,,1,414.96259152110133,196.93919846446332,position1,400,400,400,200,570,300,570,500,400,600,230,500,230,300;
237,411,,Eliminated Round 1,1 - Red Light Green Light,,,1,382.9087825221321,197.4635254318804,position1,400,400,400,200,570,300,570,500,400,600,230,500,230,300;
238,415,,Eliminated Round 1,1 - Red Light Green Light,,,1,416.0608326510883,186.2221145542724,position1,400,400,400,200,570,300,570,500,400,600,230,500,230,300;
239,419,,Eliminated Round 1,1 - Red Light Green Light,,,1,396.4863544132956,213.52504852345234,position1,400,400,400,200,570,300,570,500,400,600,230,500,230,300;
240,425,,Ran out of time and eliminated Round 1,1 - Red Light Green Light,,,1,400.58167333724305,190.19810344938966,position1,400,400,400,200,570,300,570,500,400,600,230,500,230,300;
242,427,,Eliminated Round 1,1 - Red Light Green Light,,,1,374.6667775225456,196.10680818018602,position1,400,400,400,200,570,300,570,500,400,600,230,500,230,300;
245,430,,Shot after running to doors and eliminated Round 1,1 - Red Light Green Light,,,1,425.6049126859283,203.1436432043218,position1,400,400,400,200,570,300,570,500,400,600,230,500,230,300;
250,440,,Eliminated Round 1,1 - Red Light Green Light,,,1,368.448016543152,191.86246027257945,position1,400,400,400,200,570,300,570,500,400,600,230,500,230,300;
251,441,,Eliminated Round 1,1 - Red Light Green Light,,,1,391.2027973384889,195.22059109717358,position1,400,400,400,200,570,300,570,500,400,600,230,500,230,300;
252,443,,Ran out of time and eliminated Round 1,1 - Red Light Green Light,,,1,410.0726866716238,207.99196987644552,position1,400,400,400,200,570,300,570,500,400,600,230,500,230,300;
253,454,,Ran out of time and eliminated Round 1,1 - Red Light Green Light,,,1,414.3503355350958,204.98810404787105,position1,400,400,400,200,570,300,570,500,400,600,230,500,230,300;
254,455,Kim In-hyeok,Shot after running away and eliminated Round 1,1 - Red Light Green Light,,,1,418.6476056426616,186.86981015650738,position1,400,400,400,200,570,300,570,500,400,600,230,500,230,300;
255,66,,Exited game after voting and did not return,1b - voting,,,0,428.309974246746,213.11102061926485,dorm,400,400,400,200,570,300,570,500,400,600,230,500,230,300;
256,100,,Shot in the chest after panicking,1b - voting,,,0,382.5031177607441,203.4892822504134,dorm,400,400,400,200,570,300,570,500,400,600,230,500,230,300;
257,117,,Exited game after voting and didn't return,1b - voting,,,0,390.0556349931511,200.76704875064235,dorm,400,400,400,200,570,300,570,500,400,600,230,500,230,300;
258,150,,Exited game after voting and didn't return,1b - voting,,,0,389.42963604801923,203.5048242030528,dorm,400,400,400,200,570,300,570,500,400,600,230,500,230,300;
259,337,,Exited game after voting and did not return,1b - voting,,,0,393.07970603430124,208.42317755333278,dorm,400,400,400,200,570,300,570,500,400,600,230,500,230,300;
260,341,,Exited game after voting and did not return,1b - voting,,,0,423.76052486634256,193.06373228625606,dorm,400,400,400,200,570,300,570,500,400,600,230,500,230,300;
261,342,,Exited game after voting and didn't return,1b - voting,,,0,387.9152697152435,197.0393143207319,dorm,400,400,400,200,570,300,570,500,400,600,230,500,230,300;
262,344,,Exited game after voting and didn't return,1b - voting,,,0,368.635708536647,209.2476498694769,dorm,400,400,400,200,570,300,570,500,400,600,230,500,230,300;
263,346,,Exited game after voting and didn't return,1b - voting,,,0,381.05452195195943,213.3548447523538,dorm,400,400,400,200,570,300,570,500,400,600,230,500,230,300;
264,347,,Exited game after voting and didn't return,1b - voting,,,0,369.00539594310493,192.5907097056085,dorm,400,400,400,200,570,300,570,500,400,600,230,500,230,300;
265,348,,Exited game after voting and didn't return,1b - voting,,,0,432.83497302346166,212.99314252013036,dorm,400,400,400,200,570,300,570,500,400,600,230,500,230,300;
266,350,,Exited game after voting and didn't return,1b - voting,,,0,368.79417152449406,197.0363052947374,dorm,400,400,400,200,570,300,570,500,400,600,230,500,230,300;
269,23,,Broke his honeycomb and eliminated Round 2,2 - Dalgona,,,2,551.5730088991301,288.00003999494277,position2,400,400,400,200,570,300,570,500,400,600,230,500,230,300;
270,30,,Failed to finished his honeycomb on time and eliminated Round 2,2 - Dalgona,,,2,562.5567786382283,285.5497552933563,position2,400,400,400,200,570,300,570,500,400,600,230,500,230,300;
271,31,,Broke his honeycomb and eliminated Round 2,2 - Dalgona,,,2,563.9772554575812,303.77110482941794,position2,400,400,400,200,570,300,570,500,400,600,230,500,230,300;
272,38,,Broke his honeycomb and eliminated Round 2,2 - Dalgona,,,2,569.2549098575414,300.731314418041,position2,400,400,400,200,570,300,570,500,400,600,230,500,230,300;
273,42,,Broke his honeycomb and eliminated Round 2,2 - Dalgona,,,2,573.7421519766624,334.60336197105994,position2,400,400,400,200,570,300,570,500,400,600,230,500,230,300;
274,45,,Broke her honeycomb and eliminated Round 2,2 - Dalgona,,,2,568.0068350802209,313.103101784424,position2,400,400,400,200,570,300,570,500,400,600,230,500,230,300;
275,53,,Broke his honeycomb and eliminated Round 2,2 - Dalgona,,,2,576.8083472781796,327.027885648862,position2,400,400,400,200,570,300,570,500,400,600,230,500,230,300;
276,61,,Broke her honeycomb and eliminated Round 2,2 - Dalgona,,,2,576.742866731418,332.4724349704369,position2,400,400,400,200,570,300,570,500,400,600,230,500,230,300;
277,79,,Broke his honeycomb and eliminated Round 2,2 - Dalgona,,,2,596.9619431656101,314.7943802856038,position2,400,400,400,200,570,300,570,500,400,600,230,500,230,300;
278,84,,Failed to finished his honeycomb on time and eliminated Round 2,2 - Dalgona,,,2,591.2512000601535,320.6344315902999,position2,400,400,400,200,570,300,570,500,400,600,230,500,230,300;
279,113,,Failed to finished his honeycomb on time and eliminated Round 2,2 - Dalgona,,,2,554.7888373374857,276.0190227653362,position2,400,400,400,200,570,300,570,500,400,600,230,500,230,300;
280,116,,Broke his honeycomb and eliminated Round 2,2 - Dalgona,,,2,560.8104425836955,266.13545865283504,position2,400,400,400,200,570,300,570,500,400,600,230,500,230,300;
281,119,No Sang-hun,Broke his honeycomb and voluntarily eliminated himself in Round 2,2 - Dalgona,,,2,574.2478896744095,324.2351182706831,position2,400,400,400,200,570,300,570,500,400,600,230,500,230,300;
282,126,,Broke his honeycomb and eliminated Round 2,2 - Dalgona,,,2,579.0029223712974,311.26446898113863,position2,400,400,400,200,570,300,570,500,400,600,230,500,230,300;
283,135,,Failed to finished his honeycomb on time and eliminated Round 2,2 - Dalgona,,,2,560.8343385247445,289.0747278093398,position2,400,400,400,200,570,300,570,500,400,600,230,500,230,300;
284,148,,Failed to finished her honeycomb in time and eliminated Round 2,2 - Dalgona,,,2,572.5169092520811,329.548520265984,position2,400,400,400,200,570,300,570,500,400,600,230,500,230,300;
285,182,,Broke his honeycomb and eliminated Round 2,2 - Dalgona,,,2,582.0766921148831,317.5594025900398,position2,400,400,400,200,570,300,570,500,400,600,230,500,230,300;
286,188,,Broke his honeycomb and eliminated Round 2,2 - Dalgona,,,2,582.7367222798628,330.0860726834266,position2,400,400,400,200,570,300,570,500,400,600,230,500,230,300;
287,197,,Broke his honeycomb and eliminated Round 2,2 - Dalgona,,,2,573.3887913205491,332.51109453165805,position2,400,400,400,200,570,300,570,500,400,600,230,500,230,300;
288,200,,Failed to finished his honeycomb on time and eliminated Round 2,2 - Dalgona,,,2,581.1566481004942,299.8141241811389,position2,400,400,400,200,570,300,570,500,400,600,230,500,230,300;
289,209,,Broke her honeycomb and eliminated Round 2,2 - Dalgona,,,2,582.0112196769053,313.08572365397487,position2,400,400,400,200,570,300,570,500,400,600,230,500,230,300;
290,215,,Broke his honeycomb and eliminated Round 2,2 - Dalgona,,,2,584.6620764982462,310.9776853856135,position2,400,400,400,200,570,300,570,500,400,600,230,500,230,300;
291,223,,Failed to finished his honeycomb in time and eliminated Round 2,2 - Dalgona,,,2,563.9334244830064,302.81996577314806,position2,400,400,400,200,570,300,570,500,400,600,230,500,230,300;
292,237,,Broke his honeycomb and eliminated Round 2,2 - Dalgona,,,2,569.7578280944665,309.3041485626043,position2,400,400,400,200,570,300,570,500,400,600,230,500,230,300;
293,242,,Failed to finished his honeycomb in time and eliminated Round 2,2 - Dalgona,,,2,587.442698157812,322.8149315053759,position2,400,400,400,200,570,300,570,500,400,600,230,500,230,300;
294,247,,Failed to finished his honeycomb on time and eliminated Round 2,2 - Dalgona,,,2,561.630687267314,283.0438988044555,position2,400,400,400,200,570,300,570,500,400,600,230,500,230,300;
295,302,,Failed to finished his honeycomb on time and eliminated Round 2,2 - Dalgona,,,2,571.8181326272029,302.18434364631594,position2,400,400,400,200,570,300,570,500,400,600,230,500,230,300;
296,311,,Failed to finished his honeycomb on time and eliminated Round 2,2 - Dalgona,,,2,578.0504414204951,324.1026487441302,position2,400,400,400,200,570,300,570,500,400,600,230,500,230,300;
297,332,,Failed to finished his honeycomb in time and eliminated Round 2,2 - Dalgona,,,2,550.2122441061271,274.01646083576514,position2,400,400,400,200,570,300,570,500,400,600,230,500,230,300;
298,335,,Broke her honeycomb and eliminated Round 2,2 - Dalgona,,,2,587.4442652831362,327.61843341832787,position2,400,400,400,200,570,300,570,500,400,600,230,500,230,300;
299,336,,Broke his honeycomb and eliminated Round 2,2 - Dalgona,,,2,592.0831821721249,325.3309648443217,position2,400,400,400,200,570,300,570,500,400,600,230,500,230,300;
300,338,,Broke his honeycomb and eliminated Round 2,2 - Dalgona,,,2,562.6796442189916,264.6493383759737,position2,400,400,400,200,570,300,570,500,400,600,230,500,230,300;
301,351,,Eliminated Round 2,2 - Dalgona,,,2,545.7282870625863,279.4710599485297,position2,400,400,400,200,570,300,570,500,400,600,230,500,230,300;
302,352,,Eliminated Round 2,2 - Dalgona,,,2,564.6974272836683,304.164804019531,position2,400,400,400,200,570,300,570,500,400,600,230,500,230,300;
303,353,,Broke his honeycomb and eliminated Round 2,2 - Dalgona,,,2,551.2696995851642,283.1890816395012,position2,400,400,400,200,570,300,570,500,400,600,230,500,230,300;
304,354,,Eliminated Round 2,2 - Dalgona,,,2,579.0092961428716,306.5402567648462,position2,400,400,400,200,570,300,570,500,400,600,230,500,230,300;
305,358,,Eliminated Round 2,2 - Dalgona,,,2,547.1580116866835,287.6080075989955,position2,400,400,400,200,570,300,570,500,400,600,230,500,230,300;
306,363,,Eliminated Round 2,2 - Dalgona,,,2,557.2331344545078,297.43860075175246,position2,400,400,400,200,570,300,570,500,400,600,230,500,230,300;
307,367,,Failed to finished her honeycomb on time and eliminated Round 2,2 - Dalgona,,,2,569.1724997348439,281.34752982570825,position2,400,400,400,200,570,300,570,500,400,600,230,500,230,300;
308,371,,Broke his honeycomb and eliminated Round 2,2 - Dalgona,,,2,569.4646091569882,305.73624673900576,position2,400,400,400,200,570,300,570,500,400,600,230,500,230,300;
309,373,,Eliminated Round 2,2 - Dalgona,,,2,567.6568162918481,307.7344486836719,position2,400,400,400,200,570,300,570,500,400,600,230,500,230,300;
310,375,,Broke his honeycomb and eliminated Round 2,2 - Dalgona,,,2,571.7173278550558,311.4257787710728,position2,400,400,400,200,570,300,570,500,400,600,230,500,230,300;
311,376,,Eliminated Round 2,2 - Dalgona,,,2,569.4585881386748,277.4285064058152,position2,400,400,400,200,570,300,570,500,400,600,230,500,230,300;
312,377,,Eliminated Round 2,2 - Dalgona,,,2,568.5460822763014,310.2755743318353,position2,400,400,400,200,570,300,570,500,400,600,230,500,230,300;
313,378,,Eliminated Round 2,2 - Dalgona,,,2,560.9902309079672,287.9479600852742,position2,400,400,400,200,570,300,570,500,400,600,230,500,230,300;
314,379,,Eliminated Round 2,2 - Dalgona,,,2,580.0367102534428,294.23151693516485,position2,400,400,400,200,570,300,570,500,400,600,230,500,230,300;
315,380,,Eliminated Round 2,2 - Dalgona,,,2,558.8386604717421,282.5062948641676,position2,400,400,400,200,570,300,570,500,400,600,230,500,230,300;
316,381,,Eliminated Round 2,2 - Dalgona,,,2,577.5845949817626,279.07977591485513,position2,400,400,400,200,570,300,570,500,400,600,230,500,230,300;
317,383,,Eliminated Round 2,2 - Dalgona,,,2,585.2376927439179,321.4817676035502,position2,400,400,400,200,570,300,570,500,400,600,230,500,230,300;
318,385,,Eliminated Round 2,2 - Dalgona,,,2,548.2366441848983,276.6267585366546,position2,400,400,400,200,570,300,570,500,400,600,230,500,230,300;
319,386,,Eliminated Round 2,2 - Dalgona,,,2,552.6898466053905,289.7452463315627,position2,400,400,400,200,570,300,570,500,400,600,230,500,230,300;
320,387,,Eliminated Round 2,2 - Dalgona,,,2,572.4150062674806,317.83266493824635,position2,400,400,400,200,570,300,570,500,400,600,230,500,230,300;
321,388,,Eliminated Round 2,2 - Dalgona,,,2,574.3251582722326,321.73530805937,position2,400,400,400,200,570,300,570,500,400,600,230,500,230,300;
322,390,,Broke her honeycomb and eliminated Round 2,2 - Dalgona,,,2,567.0672978301169,271.4567755043704,position2,400,400,400,200,570,300,570,500,400,600,230,500,230,300;
323,391,,Eliminated Round 2,2 - Dalgona,,,2,558.3389242335234,286.45610792885907,position2,400,400,400,200,570,300,570,500,400,600,230,500,230,300;
324,392,,Eliminated Round 2,2 - Dalgona,,,2,576.6354838739979,303.42951115730557,position2,400,400,400,200,570,300,570,500,400,600,230,500,230,300;
325,394,,Eliminated Round 2,2 - Dalgona,,,2,561.7915788842329,286.96966646140527,position2,400,400,400,200,570,300,570,500,400,600,230,500,230,300;
326,395,,Eliminated Round 2,2 - Dalgona,,,2,561.6145915302327,301.8447508054683,position2,400,400,400,200,570,300,570,500,400,600,230,500,230,300;
327,397,,Broke her honeycomb and eliminated Round 2,2 - Dalgona,,,2,574.3692378775497,315.3443316380325,position2,400,400,400,200,570,300,570,500,400,600,230,500,230,300;
328,401,,Broke his honeycomb and eliminated Round 2,2 - Dalgona,,,2,586.5150590891948,296.79856777855605,position2,400,400,400,200,570,300,570,500,400,600,230,500,230,300;
329,402,,Broke her honeycomb and eliminated Round 2,2 - Dalgona,,,2,545.6293935982453,284.53451641948203,position2,400,400,400,200,570,300,570,500,400,600,230,500,230,300;
330,406,,Eliminated Round 2,2 - Dalgona,,,2,567.8043917264341,281.74353896207856,position2,400,400,400,200,570,300,570,500,400,600,230,500,230,300;
331,412,,Failed to finish honeycomb in time and eliminated Round 2,2 - Dalgona,,,2,558.3465024773752,270.0469097541181,position2,400,400,400,200,570,300,570,500,400,600,230,500,230,300;
332,417,,Failed to finished his honeycomb on time and eliminated Round 2,2 - Dalgona,,,2,567.463837182902,292.5619232846482,position2,400,400,400,200,570,300,570,500,400,600,230,500,230,300;
333,418,,Failed to finished his honeycomb on time and eliminated Round 2,2 - Dalgona,,,2,591.0304484153908,314.5312767956181,position2,400,400,400,200,570,300,570,500,400,600,230,500,230,300;
334,420,,Failed to finished his honeycomb on time and eliminated Round 2,2 - Dalgona,,,2,577.2744480688013,295.6406329950807,position2,400,400,400,200,570,300,570,500,400,600,230,500,230,300;
335,421,,Failed to finished his honeycomb on time and eliminated Round 2,2 - Dalgona,,,2,558.8896254159491,304.5501041636486,position2,400,400,400,200,570,300,570,500,400,600,230,500,230,300;
336,422,,Failed to finished their honeycomb on time and eliminated Round 2,2 - Dalgona,,,2,564.5690978284214,276.4200858007867,position2,400,400,400,200,570,300,570,500,400,600,230,500,230,300;
337,423,,Failed to finished his honeycomb on time and eliminated Round 2,2 - Dalgona,,,2,554.0727081212274,283.4597728679639,position2,400,400,400,200,570,300,570,500,400,600,230,500,230,300;
338,424,,Failed to finished his honeycomb on time and eliminated Round 2,2 - Dalgona,,,2,566.7897532486141,284.17027908407005,position2,400,400,400,200,570,300,570,500,400,600,230,500,230,300;
343,445,,Broke his honeycomb and eliminated Round 2,2 - Dalgona,,,2,575.5706923286565,284.0274552951655,position2,400,400,400,200,570,300,570,500,400,600,230,500,230,300;
344,446,,Broke her honeycomb and eliminated Round 2,2 - Dalgona,,,2,589.0384564597717,299.7556302702774,position2,400,400,400,200,570,300,570,500,400,600,230,500,230,300;
345,448,,Broke his honeycomb and eliminated Round 2,2 - Dalgona,,,2,590.0142895580211,311.7677675524402,position2,400,400,400,200,570,300,570,500,400,600,230,500,230,300;
347,452,,Broke her honeycomb and eliminated Round 2,2 - Dalgona,,,2,553.5235434013003,291.1042462940877,position2,400,400,400,200,570,300,570,500,400,600,230,500,230,300;
348,6,Choi Woo-seong,Eliminated during Special Game,2b - special,,,0,410.8579313465854,198.26628613352696,dorm,400,400,400,200,570,300,570,500,400,600,230,500,230,300;
349,49,,Eliminated during Special Game,2b - special,,,0,394.1597586952789,196.28113378764468,dorm,400,400,400,200,570,300,570,500,400,600,230,500,230,300;
350,51,,Eliminated during Special Game,2b - special,,,0,420.24321925419645,207.06083989001334,dorm,400,400,400,200,570,300,570,500,400,600,230,500,230,300;
351,74,,Eliminated by Player 211 during Special Game,2b - special,,,0,385.8394499426721,209.65670031571983,dorm,400,400,400,200,570,300,570,500,400,600,230,500,230,300;
352,80,,Eliminated during Special Game,2b - special,,,0,433.49007562934116,201.9521365926969,dorm,400,400,400,200,570,300,570,500,400,600,230,500,230,300;
353,87,,Eliminated during Special Game,2b - special,,,0,424.6297061134037,201.92636685561115,dorm,400,400,400,200,570,300,570,500,400,600,230,500,230,300;
354,95,,Eliminated during Special Game,2b - special,,,0,404.54772085848066,213.9616681742072,dorm,400,400,400,200,570,300,570,500,400,600,230,500,230,300;
355,103,,Eliminated during Special Game,2b - special,,,0,382.5631285332316,191.72808501587096,dorm,400,400,400,200,570,300,570,500,400,600,230,500,230,300;
356,131,,Eliminated during Special Game,2b - special,,,0,392.48663685708385,211.07373718925018,dorm,400,400,400,200,570,300,570,500,400,600,230,500,230,300;
357,198,,Eliminated by Player 101 during Special Game,2b - special,,,0,431.4351772374815,207.10186349643413,dorm,400,400,400,200,570,300,570,500,400,600,230,500,230,300;
358,206,,Eliminated during Special Game,2b - special,,,0,429.92244892129276,191.50079273850145,dorm,400,400,400,200,570,300,570,500,400,600,230,500,230,300;
359,211,,Eliminated during Special Game,2b - special,,,0,394.17412634898596,213.99240713349545,dorm,400,400,400,200,570,300,570,500,400,600,230,500,230,300;
360,222,,Eliminated during Special Game,2b - special,,,0,403.3844401595704,203.79253410115513,dorm,400,400,400,200,570,300,570,500,400,600,230,500,230,300;
361,224,,Eliminated during Special Game,2b - special,,,0,408.956104248738,213.42634927341552,dorm,400,400,400,200,570,300,570,500,400,600,230,500,230,300;
362,233,,Eliminated during Special Game,2b - special,,,0,411.126144802685,204.6049547796916,dorm,400,400,400,200,570,300,570,500,400,600,230,500,230,300;
363,239,,Eliminated during Special Game,2b - special,,,0,382.5415607315836,209.50839502748317,dorm,400,400,400,200,570,300,570,500,400,600,230,500,230,300;
364,271,,Eliminated by Player 101,2b - special,,,0,386.93835060713275,189.6474810504263,dorm,400,400,400,200,570,300,570,500,400,600,230,500,230,300;
365,277,,Eliminated during Special Game,2b - special,,,0,366.22301458558474,201.72103324539083,dorm,400,400,400,200,570,300,570,500,400,600,230,500,230,300;
366,301,,Eliminated during Special Game,2b - special,,,0,388.4954639770162,213.93666447759236,dorm,400,400,400,200,570,300,570,500,400,600,230,500,230,300;
367,328,,Eliminated by Player 224 during Special Game,2b - special,,,0,377.92262474907614,214.07720639165044,dorm,400,400,400,200,570,300,570,500,400,600,230,500,230,300;
368,349,,Eliminated during Special Game,2b - special,,,0,399.41304988207725,204.5041477829438,dorm,400,400,400,200,570,300,570,500,400,600,230,500,230,300;
369,361,,Eliminated during Special Game,2b - special,,,0,425.60532363212224,196.85205064107768,dorm,400,400,400,200,570,300,570,500,400,600,230,500,230,300;
370,416,,Eliminated during Special Game,2b - special,,,0,407.64765907200024,204.6803417738488,dorm,400,400,400,200,570,300,570,500,400,600,230,500,230,300;
371,444,,Eliminated during Special Game,2b - special,,,0,381.237306168167,213.49555537349775,dorm,400,400,400,200,570,300,570,500,400,600,230,500,230,300;
374,19,,Part of Team 5; eliminated in Round 4 after losing to Team 4,3 - Tug of War,,,4,408.4361968635296,613.2602241329562,position4,400,400,400,200,570,300,570,500,400,600,230,500,230,300
375,27,,Part of Team 7; eliminated in Round 3 after losing to Team 1,3 - Tug of War,,,3,569.0622896309833,478.75121397842906,position3,400,400,400,200,570,300,570,500,400,600,230,500,230,300
376,37,,Part of Team 7; eliminated in Round 3 after losing to Team 1,3 - Tug of War,,,3,562.2435334061789,494.7076216437209,position3,400,400,400,200,570,300,570,500,400,600,230,500,230,300
377,55,,Eliminated in Tug of War,3 - Tug of War,,,0,367.48034702404055,212.78570921403224,dorm,400,400,400,200,570,300,570,500,400,600,230,500,230,300;
378,58,,Part of Team 7; eliminated in Round 3 after losing to Team 1,3 - Tug of War,,,3,553.7534517584454,519.1365645668254,position3,400,400,400,200,570,300,570,500,400,600,230,500,230,300
379,59,,Eliminated in Tug of War,3 - Tug of War,,,0,368.9011001916236,214.37717728948306,dorm,400,400,400,200,570,300,570,500,400,600,230,500,230,300;
380,60,,Eliminated in Tug of War,3 - Tug of War,,,0,379.5501863020483,198.30065201289204,dorm,400,400,400,200,570,300,570,500,400,600,230,500,230,300;
381,63,,Part of Team 5; eliminated in Round 4 after losing to Team 4,3 - Tug of War,,,4,376.03837688339814,607.4421633849418,position4,400,400,400,200,570,300,570,500,400,600,230,500,230,300
382,88,,Eliminated in Tug of War,3 - Tug of War,,,0,381.5669126633746,206.7239278030748,dorm,400,400,400,200,570,300,570,500,400,600,230,500,230,300;
383,105,,Eliminated in Tug of War,3 - Tug of War,,,0,386.67242824682035,199.5763841902826,dorm,400,400,400,200,570,300,570,500,400,600,230,500,230,300;
384,109,,Eliminated in Tug of War,3 - Tug of War,,,0,403.39190059835573,202.0417553479274,dorm,400,400,400,200,570,300,570,500,400,600,230,500,230,300;
385,110,,Eliminated in Tug of War,3 - Tug of War,,,0,399.7294868644986,190.5778928294931,dorm,400,400,400,200,570,300,570,500,400,600,230,500,230,300;
386,120,,Part of Team 7; eliminated in Round 3 after losing to Team 1,3 - Tug of War,,,3,593.5069741512423,473.5948132594741,position3,400,400,400,200,570,300,570,500,400,600,230,500,230,300
387,132,,Eliminated in Tug of War,3 - Tug of War,,,0,396.36760511509885,202.94288373070273,dorm,400,400,400,200,570,300,570,500,400,600,230,500,230,300;
388,146,,Eliminated in Tug of War,3 - Tug of War,,,0,365.5901400368517,201.08272261821045,dorm,400,400,400,200,570,300,570,500,400,600,230,500,230,300;
389,156,,Part of Team 5; eliminated in Round 4 after losing to Team 4,3 - Tug of War,,,4,427.7854492967544,612.9708276473312,position4,400,400,400,200,570,300,570,500,400,600,230,500,230,300
390,184,,Part of Team 5; eliminated in Round 4 after losing to Team 4,3 - Tug of War,,,4,407.5873862664835,592.564007959993,position4,400,400,400,200,570,300,570,500,400,600,230,500,230,300
391,194,,Part of Team 5; eliminated in Round 4 after losing to Team 4,3 - Tug of War,,,4,410.6499668207335,609.2030560051664,position4,400,400,400,200,570,300,570,500,400,600,230,500,230,300
392,204,,Eliminated in Tug of War,3 - Tug of War,,,0,424.2362780869267,201.33272267314135,dorm,400,400,400,200,570,300,570,500,400,600,230,500,230,300;
393,226,,Eliminated in Tug of War,3 - Tug of War,,,0,395.7730226604397,210.56568613010657,dorm,400,400,400,200,570,300,570,500,400,600,230,500,230,300;
394,231,,Eliminated in Tug of War,3 - Tug of War,,,0,423.57732622127,186.73300975572226,dorm,400,400,400,200,570,300,570,500,400,600,230,500,230,300;
395,234,,Eliminated in Tug of War,3 - Tug of War,,,0,390.37788832945927,193.71001398455027,dorm,400,400,400,200,570,300,570,500,400,600,230,500,230,300;
396,241,,Part of Team 7; eliminated in Round 3 after losing to Team 1,3 - Tug of War,,,3,560.2040198475444,524.810023480456,position3,400,400,400,200,570,300,570,500,400,600,230,500,230,300
397,243,,Part of Team 7; eliminated in Round 3 after losing to Team 1,3 - Tug of War,,,3,577.8140043036067,492.92106968841676,position3,400,400,400,200,570,300,570,500,400,600,230,500,230,300
398,245,,Part of Team 7; eliminated in Round 3 after losing to Team 1,3 - Tug of War,,,3,583.5852009459412,483.5132021292836,position3,400,400,400,200,570,300,570,500,400,600,230,500,230,300
399,273,,Part of Team 7; eliminated in Round 3 after losing to Team 1,3 - Tug of War,,,3,573.8345096674499,470.90773637974087,position3,400,400,400,200,570,300,570,500,400,600,230,500,230,300
400,279,,Eliminated in Tug of War,3 - Tug of War,,,0,377.7859120083088,202.9389219726679,dorm,400,400,400,200,570,300,570,500,400,600,230,500,230,300;
401,314,,Part of Team 5; eliminated in Round 4 after losing to Team 4,3 - Tug of War,,,4,408.20400928541545,606.6812138374747,position4,400,400,400,200,570,300,570,500,400,600,230,500,230,300
402,315,,Part of Team 5; eliminated in Round 4 after losing to Team 4,3 - Tug of War,,,4,379.3768744316669,604.5106946609037,position4,400,400,400,200,570,300,570,500,400,600,230,500,230,300
403,327,,Part of Team 7; eliminated in Round 3 after losing to Team 1,3 - Tug of War,,,3,575.1307496721068,475.86698133793845,position3,400,400,400,200,570,300,570,500,400,600,230,500,230,300
404,330,,Eliminated in Tug of War,3 - Tug of War,,,0,398.4260488474343,205.5154024319405,dorm,400,400,400,200,570,300,570,500,400,600,230,500,230,300;
405,364,,Eliminated in Tug of War,3 - Tug of War,,,0,411.7112497916391,188.52527671411764,dorm,400,400,400,200,570,300,570,500,400,600,230,500,230,300;
406,365,,Eliminated in Tug of War,3 - Tug of War,,,0,368.3533341261596,214.3390024683071,dorm,400,400,400,200,570,300,570,500,400,600,230,500,230,300;
407,374,,Eliminated in Tug of War,3 - Tug of War,,,0,409.45920950287103,201.02541993081422,dorm,400,400,400,200,570,300,570,500,400,600,230,500,230,300;
408,396,,Part of Team 5; eliminated in Round 4 after losing to Team 4,3 - Tug of War,,,4,401.0679764635221,590.3210077369953,position4,400,400,400,200,570,300,570,500,400,600,230,500,230,300
409,403,,Eliminated in Tug of War,3 - Tug of War,,,0,390.8057464760127,187.95960398590483,dorm,400,400,400,200,570,300,570,500,400,600,230,500,230,300;
410,404,,Eliminated in Tug of War,3 - Tug of War,,,0,396.02970396853664,212.3992268056807,dorm,400,400,400,200,570,300,570,500,400,600,230,500,230,300;
411,408,,Part of Team 7; eliminated in Round 3 after losing to Team 1,3 - Tug of War,,,3,563.2067057224432,499.6024584116764,position3,400,400,400,200,570,300,570,500,400,600,230,500,230,300
412,410,,Part of Team 5; eliminated in Round 4 after losing to Team 4,3 - Tug of War,,,4,420.3419209905635,598.2519170469502,position4,400,400,400,200,570,300,570,500,400,600,230,500,230,300
413,447,,Part of Team 5; eliminated in Round 4 after losing to Team 4,3 - Tug of War,,,4,378.6090376816973,606.3128488910108,position4,400,400,400,200,570,300,570,500,400,600,230,500,230,300
414,81,,Eliminated between Round 3 and 4 for cheating,3 and 4 for cheating,,,3,580.2721411459836,481.8306128245813,position3,400,400,400,200,570,300,570,500,400,600,230,500,230,300;
415,111,Byeong-gi,Eliminated between Round 3 and 4 for cheating,3 and 4 for cheating,,,3,586.6207167414893,468.1354053728173,position3,400,400,400,200,570,300,570,500,400,600,230,500,230,300;
416,413,,Eliminated between Round 3 and 4 for cheating,3 and 4 for cheating,,,3,560.5449254229677,525.4492806776827,position3,400,400,400,200,570,300,570,500,400,600,230,500,230,300;
417,1,Oh Il-nam,Eliminated after losing to 456 in Round 4,4 - Marbles,,,4,394.7503735664173,605.2243232436506,position4,400,400,400,200,570,300,570,500,400,600,230,500,230,300;
418,2,,Eliminated after losing to 360 in Round 4,4 - Marbles,,,4,395.53249915377177,614.2366275532825,position4,400,400,400,200,570,300,570,500,400,600,230,500,230,300;
419,28,,Eliminated after losing to 322 in Round 4,4 - Marbles,,,4,417.80077543498675,607.5155972824055,position4,400,400,400,200,570,300,570,500,400,600,230,500,230,300;
420,32,,Eliminated with 083 in Round 4,4 - Marbles,,,4,406.30692582070964,586.9259300175206,position4,400,400,400,200,570,300,570,500,400,600,230,500,230,300;
421,40,,Eliminated after losing to 303 in Round 4,4 - Marbles,,,4,430.74949357511605,586.300162508466,position4,400,400,400,200,570,300,570,500,400,600,230,500,230,300;
422,43,,Eliminated after losing to 407 in Round 4,4 - Marbles,,,4,394.18423527186803,605.7580156650438,position4,400,400,400,200,570,300,570,500,400,600,230,500,230,300;
423,68,,Eliminated after losing to 151 in Round 4,4 - Marbles,,,4,389.363950382214,601.8273485139999,position4,400,400,400,200,570,300,570,500,400,600,230,500,230,300;
424,83,,Eliminated with 032 in Round 4,4 - Marbles,,,4,406.94475624225726,589.2389198630847,position4,400,400,400,200,570,300,570,500,400,600,230,500,230,300;
425,85,,Eliminated after losing to 453 in Round 4,4 - Marbles,,,4,408.8667050910258,595.2158497675887,position4,400,400,400,200,570,300,570,500,400,600,230,500,230,300;
426,89,,Eliminated after losing to 360 in Round 4,4 - Marbles,,,4,381.9532735240765,592.4613153728051,position4,400,400,400,200,570,300,570,500,400,600,230,500,230,300;
427,115,,Eliminated after losing to 360 in Round 4,4 - Marbles,,,4,371.9509098269936,586.4570765020906,position4,400,400,400,200,570,300,570,500,400,600,230,500,230,300;
428,122,,Eliminated with 357 in Round 4,4 - Marbles,,,4,409.30922272368866,600.09107901735,position4,400,400,400,200,570,300,570,500,400,600,230,500,230,300;
429,130,,Eliminated after losing to 062 in Round 4,4 - Marbles,,,4,385.1130924679777,584.6440269573939,position4,400,400,400,200,570,300,570,500,400,600,230,500,230,300;
430,158,,Eliminated after losing to 308 in Round 4,4 - Marbles,,,4,390.18998076146937,586.2409932354544,position4,400,400,400,200,570,300,570,500,400,600,230,500,230,300;
431,196,,Eliminated after losing to 244 in Round 4,4 - Marbles,,,4,398.3687974547057,603.3975869669439,position4,400,400,400,200,570,300,570,500,400,600,230,500,230,300;
432,199,Ali Abdul,Eliminated after being betrayed by 218,4 - Marbles,,,0,395.779225924725,192.39738418120479,dorm,400,400,400,200,570,300,570,500,400,600,230,500,230,300;
433,229,,Eliminated after losing to 096 in Round 4,4 - Marbles,,,4,362.7919790938937,611.3580032298291,position4,400,400,400,200,570,300,570,500,400,600,230,500,230,300;
434,240,Ji-yeong,Eliminated after voluntary losing to 067,4 - Marbles,,,0,374.53509326387365,193.29030524461396,dorm,400,400,400,200,570,300,570,500,400,600,230,500,230,300;
435,278,,Eliminated after losing to 101 in Round 4,4 - Marbles,,,4,407.0448774536002,585.2144996104554,position4,400,400,400,200,570,300,570,500,400,600,230,500,230,300;
436,303,,Eliminated Round 4,4 - Marbles,,,4,388.3301162966023,598.6902243835381,position4,400,400,400,200,570,300,570,500,400,600,230,500,230,300;
437,357,,Eliminated with 122 in Round 4,4 - Marbles,,,4,424.8038850909241,590.5983567135873,position4,400,400,400,200,570,300,570,500,400,600,230,500,230,300;
438,414,,Eliminated after losing to 017 in Round 4,4 - Marbles,,,4,379.9822635650317,597.4777771675956,position4,400,400,400,200,570,300,570,500,400,600,230,500,230,300;
439,69,,Voluntarily eliminated himself between Round 4 and 5,4 and 5,,4 and 5,4,370.4796587503403,589.8195061570499,position4,400,400,400,200,570,300,570,500,400,600,230,500,230,300;
440,17,Do Jung-soo,Eliminated by 218 in Round 5,5 - Glass stepping stones,,,5,222.2004409427733,481.84171477577604,position5,400,400,400,200,570,300,570,500,400,600,230,500,230,300;
441,21,,Fell after being directed to wrong glass pane by 453 and eliminated Round 5,5 - Glass stepping stones,,,5,254.95583975843013,518.4956029792886,position5,400,400,400,200,570,300,570,500,400,600,230,500,230,300;
"442,62,,""Sprinted across glass panes and broke one, falling to his death in Round 5"",5 - Glass stepping stones,,,5,247.51183463817122,512.5724838789317,position5,400,400,400,200,570,300,570,500,400,600,230,500,230,300";
443,96,,Jumped on wrong glass pane and eliminated Round 5,5 - Glass stepping stones,,,5,217.73815692381973,471.9552998715573,position5,400,400,400,200,570,300,570,500,400,600,230,500,230,300;
444,101,Jang Deok-su,Eliminated with 212 in Round 5,5 - Glass stepping stones,,,5,238.22293112003524,511.323493937861,position5,400,400,400,200,570,300,570,500,400,600,230,500,230,300;
445,151,,Tried to fight 244 but was defeated and eliminated Round 5,5 - Glass stepping stones,,,5,247.50796915779262,512.8227584061977,position5,400,400,400,200,570,300,570,500,400,600,230,500,230,300;
446,212,Han Mi-nyeo,Voluntarily eliminated herself along with 101 in Round 5,5 - Glass stepping stones,,,5,222.67335809765564,479.3375269335061,position5,400,400,400,200,570,300,570,500,400,600,230,500,230,300;
447,244,,Eliminated by 407 in Round 5,5 - Glass stepping stones,,,5,225.4007189413457,485.02937737841023,position5,400,400,400,200,570,300,570,500,400,600,230,500,230,300;
448,308,,Jumped on wrong glass pane and eliminated Round 5,5 - Glass stepping stones,,,5,205.0427012316252,489.49180316359445,position5,400,400,400,200,570,300,570,500,400,600,230,500,230,300;
449,322,Jung Min-tae,Eliminated by 101 in Round 5,5 - Glass stepping stones,,,5,233.98759500852276,530.2151357160095,position5,400,400,400,200,570,300,570,500,400,600,230,500,230,300;
450,360,,Jumped on wrong glass pane and eliminated Round 5,5 - Glass stepping stones,,,5,209.4516391225348,487.1280682956358,position5,400,400,400,200,570,300,570,500,400,600,230,500,230,300;
451,407,,Jumped on wrong glass pane and eliminated Round 5,5 - Glass stepping stones,,,5,249.28437961355115,521.7159526777543,position5,400,400,400,200,570,300,570,500,400,600,230,500,230,300;
452,453,,Jumped on wrong glass pane and eliminated Round 5,5 - Glass stepping stones,,,5,238.68928116748035,521.7000994879011,position5,400,400,400,200,570,300,570,500,400,600,230,500,230,300;
453,67,Kang Sae-byeok,Eliminated by 218 between Round 5 and 6,5 and 6,,,5,224.39576966539033,510.9328966566755,position5,400,400,400,200,570,300,570,500,400,600,230,500,230,300;
454,218,Cho Sang-woo,Voluntarily eliminated himself with a knife in Round 6,6 - Squid Game,,,6,224.0410043636206,327.335555960385,position6,400,400,400,200,570,300,570,500,400,600,230,500,230,300;
455,456,Seong Gi-hun,Won and exited the game,won,,,0,405.5384820110381,186.07048349030606,dorm,400,400,400,200,570,300,570,500,400,600,230,500,230,300;
