Number;Name;Fate;EliminatedRound;EliminatedStage;index;vy;vx;Stage0_x;Stage0_y;Stage1_x;Stage1_y;Stage2_x;Stage2_y;Stage3_x;Stage3_y;Stage4_x;Stage4_y;Stage5_x;Stage5_y;Stage6_x;Stage6_y;Stage7_x;Stage7_y;Stage8_x;Stage8_y;Stage9_x;Stage9_y;Stage10_x;Stage10_y;Stage11_x;Stage11_y;Stage12_x;Stage12_y;Stage13_x;Stage13_y;Stage14_x;Stage14_y;Stage15_x;Stage15_y
3;;Moved during Red Light and eliminated Round 1;1 - Red Light Green Light;1;0;0;0;478.72;80.77;380.99;73.41;478.72;80.77;478.72;80.77;478.72;80.77;;;478.72;80.77;;;;;478.72;80.77;;;;;478.72;80.77;;;;;478.72;80.77
4;Jang Seung-jong;Eliminated Round 1;1 - Red Light Green Light;1;1;0;0;430.40;79.67;426.99;79.25;430.40;79.67;430.40;79.67;430.40;79.67;;;430.40;79.67;;;;;430.40;79.67;;;;;430.40;79.67;;;;;430.40;79.67
5;;Eliminated Round 1;1 - Red Light Green Light;1;2;0;0;415.67;129.65;322.86;86.32;415.67;129.65;415.67;129.65;415.67;129.65;;;415.67;129.65;;;;;415.67;129.65;;;;;415.67;129.65;;;;;415.67;129.65
7;;Eliminated Round 1;1 - Red Light Green Light;1;3;0;0;389.81;110.69;361.16;81.41;389.81;110.69;389.81;110.69;389.81;110.69;;;389.81;110.69;;;;;389.81;110.69;;;;;389.81;110.69;;;;;389.81;110.69
8;;Eliminated Round 1;1 - Red Light Green Light;1;4;0;0;320.56;-8.99;424.99;107.40;320.56;-8.99;320.56;-8.99;320.56;-8.99;;;320.56;-8.99;;;;;320.56;-8.99;;;;;320.56;-8.99;;;;;320.56;-8.99
9;;Shot after running to doors and eliminated Round 1;1 - Red Light Green Light;1;5;0;0;442.83;120.13;431.35;-2.27;442.83;120.13;442.83;120.13;442.83;120.13;;;442.83;120.13;;;;;442.83;120.13;;;;;442.83;120.13;;;;;442.83;120.13
10;;Eliminated Round 1;1 - Red Light Green Light;1;6;0;0;402.86;160.39;473.61;91.47;402.86;160.39;402.86;160.39;402.86;160.39;;;402.86;160.39;;;;;402.86;160.39;;;;;402.86;160.39;;;;;402.86;160.39
11;;Eliminated Round 1;1 - Red Light Green Light;1;7;0;0;434.80;49.42;454.54;18.51;434.80;49.42;434.80;49.42;434.80;49.42;;;434.80;49.42;;;;;434.80;49.42;;;;;434.80;49.42;;;;;434.80;49.42
12;;Eliminated Round 1;1 - Red Light Green Light;1;8;0;0;462.79;125.55;468.54;167.49;462.79;125.55;462.79;125.55;462.79;125.55;;;462.79;125.55;;;;;462.79;125.55;;;;;462.79;125.55;;;;;462.79;125.55
13;;Eliminated Round 1;1 - Red Light Green Light;1;9;0;0;347.79;177.12;359.56;91.47;347.79;177.12;347.79;177.12;347.79;177.12;;;347.79;177.12;;;;;347.79;177.12;;;;;347.79;177.12;;;;;347.79;177.12
14;;Eliminated Round 1;1 - Red Light Green Light;1;10;0;0;435.58;6.95;363.23;139.67;435.58;6.95;435.58;6.95;435.58;6.95;;;435.58;6.95;;;;;435.58;6.95;;;;;435.58;6.95;;;;;435.58;6.95
15;;Ran away during Red Light and eliminated Round 1;1 - Red Light Green Light;1;11;0;0;318.38;141.62;467.42;128.21;318.38;141.62;318.38;141.62;318.38;141.62;;;318.38;141.62;;;;;318.38;141.62;;;;;318.38;141.62;;;;;318.38;141.62
16;;Eliminated Round 1;1 - Red Light Green Light;1;12;0;0;479.62;160.06;363.05;156.88;479.62;160.06;479.62;160.06;479.62;160.06;;;479.62;160.06;;;;;479.62;160.06;;;;;479.62;160.06;;;;;479.62;160.06
18;;Eliminated Round 1;1 - Red Light Green Light;1;13;0;0;426.34;1.14;342.93;151.31;426.34;1.14;426.34;1.14;426.34;1.14;;;426.34;1.14;;;;;426.34;1.14;;;;;426.34;1.14;;;;;426.34;1.14
20;;Eliminated Round 1;1 - Red Light Green Light;1;14;0;0;338.74;-15.38;418.04;175.74;338.74;-15.38;338.74;-15.38;338.74;-15.38;;;338.74;-15.38;;;;;338.74;-15.38;;;;;338.74;-15.38;;;;;338.74;-15.38
22;;Shot after running to doors and eliminated Round 1;1 - Red Light Green Light;1;15;0;0;418.08;-17.56;382.74;20.27;418.08;-17.56;418.08;-17.56;418.08;-17.56;;;418.08;-17.56;;;;;418.08;-17.56;;;;;418.08;-17.56;;;;;418.08;-17.56
24;;Eliminated Round 1;1 - Red Light Green Light;1;16;0;0;399.45;-12.28;384.51;111.68;399.45;-12.28;399.45;-12.28;399.45;-12.28;;;399.45;-12.28;;;;;399.45;-12.28;;;;;399.45;-12.28;;;;;399.45;-12.28
25;;Eliminated Round 1;1 - Red Light Green Light;1;17;0;0;482.83;-7.57;363.84;20.49;482.83;-7.57;482.83;-7.57;482.83;-7.57;;;482.83;-7.57;;;;;482.83;-7.57;;;;;482.83;-7.57;;;;;482.83;-7.57
26;;Eliminated Round 1;1 - Red Light Green Light;1;18;0;0;446.43;140.56;382.38;9.98;446.43;140.56;446.43;140.56;446.43;140.56;;;446.43;140.56;;;;;446.43;140.56;;;;;446.43;140.56;;;;;446.43;140.56
29;;Eliminated Round 1;1 - Red Light Green Light;1;19;0;0;327.17;39.66;328.32;115.66;327.17;39.66;327.17;39.66;327.17;39.66;;;327.17;39.66;;;;;327.17;39.66;;;;;327.17;39.66;;;;;327.17;39.66
33;;Shot after running to doors and eliminated Round 1;1 - Red Light Green Light;1;20;0;0;326.43;182.10;330.23;-13.58;326.43;182.10;326.43;182.10;326.43;182.10;;;326.43;182.10;;;;;326.43;182.10;;;;;326.43;182.10;;;;;326.43;182.10
34;;Eliminated Round 1;1 - Red Light Green Light;1;21;0;0;437.19;72.15;310.41;106.42;437.19;72.15;437.19;72.15;437.19;72.15;;;437.19;72.15;;;;;437.19;72.15;;;;;437.19;72.15;;;;;437.19;72.15
35;;Eliminated Round 1;1 - Red Light Green Light;1;22;0;0;376.66;40.16;395.64;157.66;376.66;40.16;376.66;40.16;376.66;40.16;;;376.66;40.16;;;;;376.66;40.16;;;;;376.66;40.16;;;;;376.66;40.16
36;;Eliminated Round 1;1 - Red Light Green Light;1;23;0;0;444.25;23.40;339.60;99.73;444.25;23.40;444.25;23.40;444.25;23.40;;;444.25;23.40;;;;;444.25;23.40;;;;;444.25;23.40;;;;;444.25;23.40
39;;Eliminated Round 1;1 - Red Light Green Light;1;24;0;0;458.79;154.27;336.79;133.57;458.79;154.27;458.79;154.27;458.79;154.27;;;458.79;154.27;;;;;458.79;154.27;;;;;458.79;154.27;;;;;458.79;154.27
41;;Eliminated Round 1;1 - Red Light Green Light;1;25;0;0;318.45;76.94;316.71;18.37;318.45;76.94;318.45;76.94;318.45;76.94;;;318.45;76.94;;;;;318.45;76.94;;;;;318.45;76.94;;;;;318.45;76.94
44;;Eliminated Round 1;1 - Red Light Green Light;1;26;0;0;367.73;-19.16;368.26;148.09;367.73;-19.16;367.73;-19.16;367.73;-19.16;;;367.73;-19.16;;;;;367.73;-19.16;;;;;367.73;-19.16;;;;;367.73;-19.16
46;;Eliminated Round 1;1 - Red Light Green Light;1;27;0;0;392.47;65.21;401.60;-11.04;392.47;65.21;392.47;65.21;392.47;65.21;;;392.47;65.21;;;;;392.47;65.21;;;;;392.47;65.21;;;;;392.47;65.21
47;;Eliminated Round 1;1 - Red Light Green Light;1;28;0;0;426.44;11.16;400.51;41.89;426.44;11.16;426.44;11.16;426.44;11.16;;;426.44;11.16;;;;;426.44;11.16;;;;;426.44;11.16;;;;;426.44;11.16
48;;Eliminated Round 1;1 - Red Light Green Light;1;29;0;0;358.39;74.49;376.00;105.19;358.39;74.49;358.39;74.49;358.39;74.49;;;358.39;74.49;;;;;358.39;74.49;;;;;358.39;74.49;;;;;358.39;74.49
50;;Eliminated Round 1;1 - Red Light Green Light;1;30;0;0;395.75;5.74;306.79;72.15;395.75;5.74;395.75;5.74;395.75;5.74;;;395.75;5.74;;;;;395.75;5.74;;;;;395.75;5.74;;;;;395.75;5.74
52;;Eliminated Round 1;1 - Red Light Green Light;1;31;0;0;425.70;22.13;401.14;148.35;425.70;22.13;425.70;22.13;425.70;22.13;;;425.70;22.13;;;;;425.70;22.13;;;;;425.70;22.13;;;;;425.70;22.13
54;;Eliminated Round 1;1 - Red Light Green Light;1;32;0;0;443.18;54.45;449.18;172.80;443.18;54.45;443.18;54.45;443.18;54.45;;;443.18;54.45;;;;;443.18;54.45;;;;;443.18;54.45;;;;;443.18;54.45
56;;Failed to stop in time and eliminated Round 1;1 - Red Light Green Light;1;33;0;0;454.11;7.64;354.62;4.94;454.11;7.64;454.11;7.64;454.11;7.64;;;454.11;7.64;;;;;454.11;7.64;;;;;454.11;7.64;;;;;454.11;7.64
57;;Eliminated Round 1;1 - Red Light Green Light;1;34;0;0;338.72;118.87;365.87;50.80;338.72;118.87;338.72;118.87;338.72;118.87;;;338.72;118.87;;;;;338.72;118.87;;;;;338.72;118.87;;;;;338.72;118.87
64;;Eliminated Round 1;1 - Red Light Green Light;1;35;0;0;281.91;85.77;470.50;138.48;281.91;85.77;281.91;85.77;281.91;85.77;;;281.91;85.77;;;;;281.91;85.77;;;;;281.91;85.77;;;;;281.91;85.77
65;;Eliminated Round 1;1 - Red Light Green Light;1;36;0;0;377.67;134.90;482.30;37.90;377.67;134.90;377.67;134.90;377.67;134.90;;;377.67;134.90;;;;;377.67;134.90;;;;;377.67;134.90;;;;;377.67;134.90
70;;Shot after running away and eliminated Round 1;1 - Red Light Green Light;1;37;0;0;370.35;87.51;341.00;39.17;370.35;87.51;370.35;87.51;370.35;87.51;;;370.35;87.51;;;;;370.35;87.51;;;;;370.35;87.51;;;;;370.35;87.51
71;;Eliminated Round 1;1 - Red Light Green Light;1;38;0;0;398.29;116.56;443.15;16.85;398.29;116.56;398.29;116.56;398.29;116.56;;;398.29;116.56;;;;;398.29;116.56;;;;;398.29;116.56;;;;;398.29;116.56
72;;Eliminated Round 1;1 - Red Light Green Light;1;39;0;0;511.97;37.56;412.19;166.72;511.97;37.56;511.97;37.56;511.97;37.56;;;511.97;37.56;;;;;511.97;37.56;;;;;511.97;37.56;;;;;511.97;37.56
73;;Eliminated Round 1;1 - Red Light Green Light;1;40;0;0;464.23;-19.27;282.83;92.56;464.23;-19.27;464.23;-19.27;464.23;-19.27;;;464.23;-19.27;;;;;464.23;-19.27;;;;;464.23;-19.27;;;;;464.23;-19.27
75;;Eliminated Round 1;1 - Red Light Green Light;1;41;0;0;370.59;19.79;438.53;170.05;370.59;19.79;370.59;19.79;370.59;19.79;;;370.59;19.79;;;;;370.59;19.79;;;;;370.59;19.79;;;;;370.59;19.79
76;;Eliminated Round 1;1 - Red Light Green Light;1;42;0;0;288.46;53.11;444.77;73.81;288.46;53.11;288.46;53.11;288.46;53.11;;;288.46;53.11;;;;;288.46;53.11;;;;;288.46;53.11;;;;;288.46;53.11
77;;Moved during Red Light and eliminated Round 1;1 - Red Light Green Light;1;43;0;0;472.56;19.25;367.38;184.97;472.56;19.25;472.56;19.25;472.56;19.25;;;472.56;19.25;;;;;472.56;19.25;;;;;472.56;19.25;;;;;472.56;19.25
78;;Eliminated Round 1;1 - Red Light Green Light;1;44;0;0;335.48;-25.74;477.54;109.96;335.48;-25.74;335.48;-25.74;335.48;-25.74;;;335.48;-25.74;;;;;335.48;-25.74;;;;;335.48;-25.74;;;;;335.48;-25.74
82;;Eliminated Round 1;1 - Red Light Green Light;1;45;0;0;433.72;117.29;383.62;194.84;433.72;117.29;433.72;117.29;433.72;117.29;;;433.72;117.29;;;;;433.72;117.29;;;;;433.72;117.29;;;;;433.72;117.29
86;;Eliminated Round 1;1 - Red Light Green Light;1;46;0;0;346.63;147.48;407.95;47.20;346.63;147.48;346.63;147.48;346.63;147.48;;;346.63;147.48;;;;;346.63;147.48;;;;;346.63;147.48;;;;;346.63;147.48
90;;Eliminated Round 1;1 - Red Light Green Light;1;47;0;0;435.98;137.49;381.41;-35.22;435.98;137.49;435.98;137.49;435.98;137.49;;;435.98;137.49;;;;;435.98;137.49;;;;;435.98;137.49;;;;;435.98;137.49
91;;Shot after running to doors and eliminated Round 1;1 - Red Light Green Light;1;48;0;0;319.67;130.75;400.08;-0.61;319.67;130.75;319.67;130.75;319.67;130.75;;;319.67;130.75;;;;;319.67;130.75;;;;;319.67;130.75;;;;;319.67;130.75
92;;Eliminated Round 1;1 - Red Light Green Light;1;49;0;0;440.61;157.92;290.28;58.22;440.61;157.92;440.61;157.92;440.61;157.92;;;440.61;157.92;;;;;440.61;157.92;;;;;440.61;157.92;;;;;440.61;157.92
93;;Eliminated Round 1;1 - Red Light Green Light;1;50;0;0;286.01;71.08;409.07;83.68;286.01;71.08;286.01;71.08;286.01;71.08;;;286.01;71.08;;;;;286.01;71.08;;;;;286.01;71.08;;;;;286.01;71.08
94;;Eliminated Round 1;1 - Red Light Green Light;1;51;0;0;389.25;-14.72;421.00;59.11;389.25;-14.72;389.25;-14.72;389.25;-14.72;;;389.25;-14.72;;;;;389.25;-14.72;;;;;389.25;-14.72;;;;;389.25;-14.72
97;;Shot after running to doors and eliminated Round 1;1 - Red Light Green Light;1;52;0;0;378.42;-16.99;461.38;104.20;378.42;-16.99;378.42;-16.99;378.42;-16.99;;;378.42;-16.99;;;;;378.42;-16.99;;;;;378.42;-16.99;;;;;378.42;-16.99
98;;Eliminated Round 1;1 - Red Light Green Light;1;53;0;0;330.03;133.92;298.64;65.25;330.03;133.92;330.03;133.92;330.03;133.92;;;330.03;133.92;;;;;330.03;133.92;;;;;330.03;133.92;;;;;330.03;133.92
99;;Eliminated Round 1;1 - Red Light Green Light;1;54;0;0;463.26;13.42;423.15;147.44;463.26;13.42;463.26;13.42;463.26;13.42;;;463.26;13.42;;;;;463.26;13.42;;;;;463.26;13.42;;;;;463.26;13.42
102;;Eliminated Round 1;1 - Red Light Green Light;1;55;0;0;490.90;122.64;280.12;76.23;490.90;122.64;490.90;122.64;490.90;122.64;;;490.90;122.64;;;;;490.90;122.64;;;;;490.90;122.64;;;;;490.90;122.64
104;;Eliminated Round 1;1 - Red Light Green Light;1;56;0;0;514.04;69.01;398.46;76.38;514.04;69.01;514.04;69.01;514.04;69.01;;;514.04;69.01;;;;;514.04;69.01;;;;;514.04;69.01;;;;;514.04;69.01
106;;Eliminated Round 1;1 - Red Light Green Light;1;57;0;0;353.64;-31.72;466.44;83.68;353.64;-31.72;353.64;-31.72;353.64;-31.72;;;353.64;-31.72;;;;;353.64;-31.72;;;;;353.64;-31.72;;;;;353.64;-31.72
107;Kim Mi-ok;Eliminated Round 1;1 - Red Light Green Light;1;58;0;0;463.85;-8.33;449.68;-12.25;463.85;-8.33;463.85;-8.33;463.85;-8.33;;;463.85;-8.33;;;;;463.85;-8.33;;;;;463.85;-8.33;;;;;463.85;-8.33
108;;Eliminated Round 1;1 - Red Light Green Light;1;59;0;0;444.71;2.08;436.86;-29.92;444.71;2.08;444.71;2.08;444.71;2.08;;;444.71;2.08;;;;;444.71;2.08;;;;;444.71;2.08;;;;;444.71;2.08
112;;Ran out of time and eliminated Round 1;1 - Red Light Green Light;1;60;0;0;521.25;60.75;469.51;31.65;521.25;60.75;521.25;60.75;521.25;60.75;;;521.25;60.75;;;;;521.25;60.75;;;;;521.25;60.75;;;;;521.25;60.75
114;;Eliminated Round 1;1 - Red Light Green Light;1;61;0;0;356.33;190.04;303.86;146.96;356.33;190.04;356.33;190.04;356.33;190.04;;;356.33;190.04;;;;;356.33;190.04;;;;;356.33;190.04;;;;;356.33;190.04
118;Oh Yeong-uk;Eliminated Round 1;1 - Red Light Green Light;1;62;0;0;290.06;125.92;372.63;194.44;290.06;125.92;290.06;125.92;290.06;125.92;;;290.06;125.92;;;;;290.06;125.92;;;;;290.06;125.92;;;;;290.06;125.92
121;;Shot after running to doors and eliminated Round 1;1 - Red Light Green Light;1;63;0;0;358.35;179.45;383.86;41.54;358.35;179.45;358.35;179.45;358.35;179.45;;;358.35;179.45;;;;;358.35;179.45;;;;;358.35;179.45;;;;;358.35;179.45
123;;Ran out of time and eliminated Round 1;1 - Red Light Green Light;1;64;0;0;482.03;36.06;491.61;96.23;482.03;36.06;482.03;36.06;482.03;36.06;;;482.03;36.06;;;;;482.03;36.06;;;;;482.03;36.06;;;;;482.03;36.06
124;;Eliminated Round 1;1 - Red Light Green Light;1;65;0;0;290.34;103.98;383.30;52.34;290.34;103.98;290.34;103.98;290.34;103.98;;;290.34;103.98;;;;;290.34;103.98;;;;;290.34;103.98;;;;;290.34;103.98
125;;Shot after running to doors and eliminated Round 1;1 - Red Light Green Light;1;66;0;0;360.00;17.58;384.60;176.25;360.00;17.58;360.00;17.58;360.00;17.58;;;360.00;17.58;;;;;360.00;17.58;;;;;360.00;17.58;;;;;360.00;17.58
127;;Eliminated Round 1;1 - Red Light Green Light;1;67;0;0;341.80;23.31;444.15;191.10;341.80;23.31;341.80;23.31;341.80;23.31;;;341.80;23.31;;;;;341.80;23.31;;;;;341.80;23.31;;;;;341.80;23.31
128;;Moved during Red Light and eliminated Round 1;1 - Red Light Green Light;1;68;0;0;474.67;99.05;304.51;32.81;474.67;99.05;474.67;99.05;474.67;99.05;;;474.67;99.05;;;;;474.67;99.05;;;;;474.67;99.05;;;;;474.67;99.05
129;;Eliminated Round 1;1 - Red Light Green Light;1;69;0;0;417.55;106.66;312.20;-1.09;417.55;106.66;417.55;106.66;417.55;106.66;;;417.55;106.66;;;;;417.55;106.66;;;;;417.55;106.66;;;;;417.55;106.66
133;;Shot after running away and eliminated Round 1;1 - Red Light Green Light;1;70;0;0;314.09;57.35;479.35;70.41;314.09;57.35;314.09;57.35;314.09;57.35;;;314.09;57.35;;;;;314.09;57.35;;;;;314.09;57.35;;;;;314.09;57.35
134;;Eliminated Round 1;1 - Red Light Green Light;1;71;0;0;323.91;1.30;324.97;25.18;323.91;1.30;323.91;1.30;323.91;1.30;;;323.91;1.30;;;;;323.91;1.30;;;;;323.91;1.30;;;;;323.91;1.30
136;;Eliminated Round 1;1 - Red Light Green Light;1;72;0;0;336.74;107.81;494.72;148.90;336.74;107.81;336.74;107.81;336.74;107.81;;;336.74;107.81;;;;;336.74;107.81;;;;;336.74;107.81;;;;;336.74;107.81
137;;Eliminated Round 1;1 - Red Light Green Light;1;73;0;0;506.76;77.13;351.51;85.60;506.76;77.13;506.76;77.13;506.76;77.13;;;506.76;77.13;;;;;506.76;77.13;;;;;506.76;77.13;;;;;506.76;77.13
138;;Eliminated Round 1;1 - Red Light Green Light;1;74;0;0;412.60;-38.62;363.78;30.68;412.60;-38.62;412.60;-38.62;412.60;-38.62;;;412.60;-38.62;;;;;412.60;-38.62;;;;;412.60;-38.62;;;;;412.60;-38.62
139;;Eliminated Round 1;1 - Red Light Green Light;1;75;0;0;317.76;98.23;467.87;10.98;317.76;98.23;317.76;98.23;317.76;98.23;;;317.76;98.23;;;;;317.76;98.23;;;;;317.76;98.23;;;;;317.76;98.23
140;;Eliminated Round 1;1 - Red Light Green Light;1;76;0;0;400.51;-41.85;395.09;96.93;400.51;-41.85;400.51;-41.85;400.51;-41.85;;;400.51;-41.85;;;;;400.51;-41.85;;;;;400.51;-41.85;;;;;400.51;-41.85
141;;Eliminated Round 1;1 - Red Light Green Light;1;77;0;0;454.36;-3.15;455.14;76.07;454.36;-3.15;454.36;-3.15;454.36;-3.15;;;454.36;-3.15;;;;;454.36;-3.15;;;;;454.36;-3.15;;;;;454.36;-3.15
142;;Eliminated Round 1;1 - Red Light Green Light;1;78;0;0;354.96;104.46;378.53;185.35;354.96;104.46;354.96;104.46;354.96;104.46;;;354.96;104.46;;;;;354.96;104.46;;;;;354.96;104.46;;;;;354.96;104.46
143;;Eliminated Round 1;1 - Red Light Green Light;1;79;0;0;372.72;58.95;308.92;125.73;372.72;58.95;372.72;58.95;372.72;58.95;;;372.72;58.95;;;;;372.72;58.95;;;;;372.72;58.95;;;;;372.72;58.95
144;;Eliminated Round 1;1 - Red Light Green Light;1;80;0;0;290.45;115.05;305.10;115.78;290.45;115.05;290.45;115.05;290.45;115.05;;;290.45;115.05;;;;;290.45;115.05;;;;;290.45;115.05;;;;;290.45;115.05
145;;Eliminated Round 1;1 - Red Light Green Light;1;81;0;0;462.24;56.30;481.42;98.83;462.24;56.30;462.24;56.30;462.24;56.30;;;462.24;56.30;;;;;462.24;56.30;;;;;462.24;56.30;;;;;462.24;56.30
147;;Eliminated Round 1;1 - Red Light Green Light;1;82;0;0;425.82;-33.78;360.21;193.10;425.82;-33.78;425.82;-33.78;425.82;-33.78;;;425.82;-33.78;;;;;425.82;-33.78;;;;;425.82;-33.78;;;;;425.82;-33.78
149;;Ran out of time and eliminated Round 1;1 - Red Light Green Light;1;83;0;0;334.80;3.07;479.12;169.99;334.80;3.07;334.80;3.07;334.80;3.07;;;334.80;3.07;;;;;334.80;3.07;;;;;334.80;3.07;;;;;334.80;3.07
152;;Shot after running to doors and eliminated Round 1;1 - Red Light Green Light;1;84;0;0;310.76;162.03;326.91;136.99;310.76;162.03;310.76;162.03;310.76;162.03;;;310.76;162.03;;;;;310.76;162.03;;;;;310.76;162.03;;;;;310.76;162.03
153;;Eliminated Round 1;1 - Red Light Green Light;1;85;0;0;382.95;162.53;491.41;138.50;382.95;162.53;382.95;162.53;382.95;162.53;;;382.95;162.53;;;;;382.95;162.53;;;;;382.95;162.53;;;;;382.95;162.53
154;;Shot and eliminated Round 1 while crawling towards doors after surviving initial elimination;1 - Red Light Green Light;1;86;0;0;319.10;119.90;456.99;86.25;319.10;119.90;319.10;119.90;319.10;119.90;;;319.10;119.90;;;;;319.10;119.90;;;;;319.10;119.90;;;;;319.10;119.90
155;;Shot after running away and eliminated Round 1;1 - Red Light Green Light;1;87;0;0;382.54;-35.52;441.23;35.40;382.54;-35.52;382.54;-35.52;382.54;-35.52;;;382.54;-35.52;;;;;382.54;-35.52;;;;;382.54;-35.52;;;;;382.54;-35.52
157;;Eliminated Round 1;1 - Red Light Green Light;1;88;0;0;300.15;120.41;430.71;-21.01;300.15;120.41;300.15;120.41;300.15;120.41;;;300.15;120.41;;;;;300.15;120.41;;;;;300.15;120.41;;;;;300.15;120.41
159;;Eliminated Round 1;1 - Red Light Green Light;1;89;0;0;492.29;93.48;283.99;40.31;492.29;93.48;492.29;93.48;492.29;93.48;;;492.29;93.48;;;;;492.29;93.48;;;;;492.29;93.48;;;;;492.29;93.48
160;;Eliminated Round 1;1 - Red Light Green Light;1;90;0;0;425.55;-9.59;507.37;42.95;425.55;-9.59;425.55;-9.59;425.55;-9.59;;;425.55;-9.59;;;;;425.55;-9.59;;;;;425.55;-9.59;;;;;425.55;-9.59
161;;Eliminated Round 1;1 - Red Light Green Light;1;91;0;0;349.06;71.84;454.77;47.18;349.06;71.84;349.06;71.84;349.06;71.84;;;349.06;71.84;;;;;349.06;71.84;;;;;349.06;71.84;;;;;349.06;71.84
162;;Eliminated Round 1;1 - Red Light Green Light;1;92;0;0;448.99;172.12;373.32;175.99;448.99;172.12;448.99;172.12;448.99;172.12;;;448.99;172.12;;;;;448.99;172.12;;;;;448.99;172.12;;;;;448.99;172.12
163;;Eliminated Round 1;1 - Red Light Green Light;1;93;0;0;328.79;79.11;445.11;45.24;328.79;79.11;328.79;79.11;328.79;79.11;;;328.79;79.11;;;;;328.79;79.11;;;;;328.79;79.11;;;;;328.79;79.11
164;;Eliminated Round 1;1 - Red Light Green Light;1;94;0;0;345.25;61.56;414.87;66.17;345.25;61.56;345.25;61.56;345.25;61.56;;;345.25;61.56;;;;;345.25;61.56;;;;;345.25;61.56;;;;;345.25;61.56
165;;Eliminated Round 1;1 - Red Light Green Light;1;95;0;0;498.31;114.57;412.07;148.04;498.31;114.57;498.31;114.57;498.31;114.57;;;498.31;114.57;;;;;498.31;114.57;;;;;498.31;114.57;;;;;498.31;114.57
166;;Eliminated Round 1;1 - Red Light Green Light;1;96;0;0;367.14;9.77;328.72;53.86;367.14;9.77;367.14;9.77;367.14;9.77;;;367.14;9.77;;;;;367.14;9.77;;;;;367.14;9.77;;;;;367.14;9.77
167;;Eliminated Round 1;1 - Red Light Green Light;1;97;0;0;473.20;-2.51;372.60;-17.39;473.20;-2.51;473.20;-2.51;473.20;-2.51;;;473.20;-2.51;;;;;473.20;-2.51;;;;;473.20;-2.51;;;;;473.20;-2.51
168;;Eliminated Round 1;1 - Red Light Green Light;1;98;0;0;482.11;14.32;377.20;94.76;482.11;14.32;482.11;14.32;482.11;14.32;;;482.11;14.32;;;;;482.11;14.32;;;;;482.11;14.32;;;;;482.11;14.32
169;;Eliminated Round 1;1 - Red Light Green Light;1;99;0;0;299.53;87.44;458.02;164.92;299.53;87.44;299.53;87.44;299.53;87.44;;;299.53;87.44;;;;;299.53;87.44;;;;;299.53;87.44;;;;;299.53;87.44
170;;Eliminated Round 1;1 - Red Light Green Light;1;100;0;0;395.61;148.14;357.37;165.64;395.61;148.14;395.61;148.14;395.61;148.14;;;395.61;148.14;;;;;395.61;148.14;;;;;395.61;148.14;;;;;395.61;148.14
171;;Eliminated Round 1;1 - Red Light Green Light;1;101;0;0;503.39;66.71;372.69;-6.69;503.39;66.71;503.39;66.71;503.39;66.71;;;503.39;66.71;;;;;503.39;66.71;;;;;503.39;66.71;;;;;503.39;66.71
172;;Eliminated Round 1;1 - Red Light Green Light;1;102;0;0;372.83;165.91;433.63;188.06;372.83;165.91;372.83;165.91;372.83;165.91;;;372.83;165.91;;;;;372.83;165.91;;;;;372.83;165.91;;;;;372.83;165.91
173;;Eliminated Round 1;1 - Red Light Green Light;1;103;0;0;416.97;-3.85;298.10;14.97;416.97;-3.85;416.97;-3.85;416.97;-3.85;;;416.97;-3.85;;;;;416.97;-3.85;;;;;416.97;-3.85;;;;;416.97;-3.85
174;;Eliminated Round 1;1 - Red Light Green Light;1;104;0;0;437.22;-28.16;288.45;69.04;437.22;-28.16;437.22;-28.16;437.22;-28.16;;;437.22;-28.16;;;;;437.22;-28.16;;;;;437.22;-28.16;;;;;437.22;-28.16
175;;Eliminated Round 1;1 - Red Light Green Light;1;105;0;0;427.95;69.43;474.49;120.41;427.95;69.43;427.95;69.43;427.95;69.43;;;427.95;69.43;;;;;427.95;69.43;;;;;427.95;69.43;;;;;427.95;69.43
176;;Eliminated Round 1;1 - Red Light Green Light;1;106;0;0;371.78;-37.75;484.08;151.28;371.78;-37.75;371.78;-37.75;371.78;-37.75;;;371.78;-37.75;;;;;371.78;-37.75;;;;;371.78;-37.75;;;;;371.78;-37.75
177;;Eliminated Round 1;1 - Red Light Green Light;1;107;0;0;400.55;96.01;456.24;115.32;400.55;96.01;400.55;96.01;400.55;96.01;;;400.55;96.01;;;;;400.55;96.01;;;;;400.55;96.01;;;;;400.55;96.01
178;;Eliminated Round 1;1 - Red Light Green Light;1;108;0;0;336.57;151.10;495.61;115.20;336.57;151.10;336.57;151.10;336.57;151.10;;;336.57;151.10;;;;;336.57;151.10;;;;;336.57;151.10;;;;;336.57;151.10
179;;Eliminated Round 1;1 - Red Light Green Light;1;109;0;0;443.86;91.67;476.31;81.10;443.86;91.67;443.86;91.67;443.86;91.67;;;443.86;91.67;;;;;443.86;91.67;;;;;443.86;91.67;;;;;443.86;91.67
180;;Eliminated Round 1;1 - Red Light Green Light;1;110;0;0;453.43;39.69;382.74;121.41;453.43;39.69;453.43;39.69;453.43;39.69;;;453.43;39.69;;;;;453.43;39.69;;;;;453.43;39.69;;;;;453.43;39.69
181;;Eliminated Round 1;1 - Red Light Green Light;1;111;0;0;423.73;163.89;509.46;131.22;423.73;163.89;423.73;163.89;423.73;163.89;;;423.73;163.89;;;;;423.73;163.89;;;;;423.73;163.89;;;;;423.73;163.89
183;;Ran out of time and eliminated Round 1;1 - Red Light Green Light;1;112;0;0;356.60;144.06;476.59;159.42;356.60;144.06;356.60;144.06;356.60;144.06;;;356.60;144.06;;;;;356.60;144.06;;;;;356.60;144.06;;;;;356.60;144.06
185;;Eliminated Round 1;1 - Red Light Green Light;1;113;0;0;453.81;62.60;333.41;32.27;453.81;62.60;453.81;62.60;453.81;62.60;;;453.81;62.60;;;;;453.81;62.60;;;;;453.81;62.60;;;;;453.81;62.60
186;;Shot after running to doors and eliminated Round 1;1 - Red Light Green Light;1;114;0;0;366.05;148.85;470.45;178.16;366.05;148.85;366.05;148.85;366.05;148.85;;;366.05;148.85;;;;;366.05;148.85;;;;;366.05;148.85;;;;;366.05;148.85
187;;Eliminated Round 1;1 - Red Light Green Light;1;115;0;0;356.51;7.46;488.20;128.02;356.51;7.46;356.51;7.46;356.51;7.46;;;356.51;7.46;;;;;356.51;7.46;;;;;356.51;7.46;;;;;356.51;7.46
189;;Eliminated Round 1;1 - Red Light Green Light;1;116;0;0;424.62;113.69;343.97;-22.07;424.62;113.69;424.62;113.69;424.62;113.69;;;424.62;113.69;;;;;424.62;113.69;;;;;424.62;113.69;;;;;424.62;113.69
190;;Eliminated Round 1;1 - Red Light Green Light;1;117;0;0;392.29;25.29;391.62;58.77;392.29;25.29;392.29;25.29;392.29;25.29;;;392.29;25.29;;;;;392.29;25.29;;;;;392.29;25.29;;;;;392.29;25.29
191;;Eliminated Round 1;1 - Red Light Green Light;1;118;0;0;471.08;168.40;320.51;-8.43;471.08;168.40;471.08;168.40;471.08;168.40;;;471.08;168.40;;;;;471.08;168.40;;;;;471.08;168.40;;;;;471.08;168.40
192;;Eliminated Round 1;1 - Red Light Green Light;1;119;0;0;331.14;49.36;282.06;51.15;331.14;49.36;331.14;49.36;331.14;49.36;;;331.14;49.36;;;;;331.14;49.36;;;;;331.14;49.36;;;;;331.14;49.36
193;;Eliminated Round 1;1 - Red Light Green Light;1;120;0;0;298.82;19.74;353.58;-16.83;298.82;19.74;298.82;19.74;298.82;19.74;;;298.82;19.74;;;;;298.82;19.74;;;;;298.82;19.74;;;;;298.82;19.74
195;;Shot twice after running away and eliminated Round 1;1 - Red Light Green Light;1;121;0;0;287.56;33.50;388.47;79.44;287.56;33.50;287.56;33.50;287.56;33.50;;;287.56;33.50;;;;;287.56;33.50;;;;;287.56;33.50;;;;;287.56;33.50
201;;Shot after running away and eliminated Round 1;1 - Red Light Green Light;1;122;0;0;402.70;189.02;427.07;196.73;402.70;189.02;402.70;189.02;402.70;189.02;;;402.70;189.02;;;;;402.70;189.02;;;;;402.70;189.02;;;;;402.70;189.02
202;;Eliminated Round 1;1 - Red Light Green Light;1;123;0;0;427.37;174.14;299.76;106.35;427.37;174.14;427.37;174.14;427.37;174.14;;;427.37;174.14;;;;;427.37;174.14;;;;;427.37;174.14;;;;;427.37;174.14
203;;Shot after running away and eliminated Round 1;1 - Red Light Green Light;1;124;0;0;427.04;97.13;451.95;183.31;427.04;97.13;427.04;97.13;427.04;97.13;;;427.04;97.13;;;;;427.04;97.13;;;;;427.04;97.13;;;;;427.04;97.13
205;;Shot and eliminated Round 1;1 - Red Light Green Light;1;125;0;0;472.79;8.56;364.50;118.94;472.79;8.56;472.79;8.56;472.79;8.56;;;472.79;8.56;;;;;472.79;8.56;;;;;472.79;8.56;;;;;472.79;8.56
207;;Eliminated Round 1;1 - Red Light Green Light;1;126;0;0;495.33;103.99;296.24;25.77;495.33;103.99;495.33;103.99;495.33;103.99;;;495.33;103.99;;;;;495.33;103.99;;;;;495.33;103.99;;;;;495.33;103.99
208;;Ran out of time and eliminated Round 1;1 - Red Light Green Light;1;127;0;0;482.38;62.12;394.38;196.26;482.38;62.12;482.38;62.12;482.38;62.12;;;482.38;62.12;;;;;482.38;62.12;;;;;482.38;62.12;;;;;482.38;62.12
210;;Eliminated Round 1;1 - Red Light Green Light;1;128;0;0;419.85;152.38;382.15;-22.56;419.85;152.38;419.85;152.38;419.85;152.38;;;419.85;152.38;;;;;419.85;152.38;;;;;419.85;152.38;;;;;419.85;152.38
213;;Eliminated Round 1;1 - Red Light Green Light;1;129;0;0;293.29;62.90;423.86;41.93;293.29;62.90;293.29;62.90;293.29;62.90;;;293.29;62.90;;;;;293.29;62.90;;;;;293.29;62.90;;;;;293.29;62.90
214;;Eliminated Round 1;1 - Red Light Green Light;1;130;0;0;281.18;61.29;392.04;25.53;281.18;61.29;281.18;61.29;281.18;61.29;;;281.18;61.29;;;;;281.18;61.29;;;;;281.18;61.29;;;;;281.18;61.29
216;;Eliminated Round 1;1 - Red Light Green Light;1;131;0;0;313.16;-0.70;300.44;54.47;313.16;-0.70;313.16;-0.70;313.16;-0.70;;;313.16;-0.70;;;;;313.16;-0.70;;;;;313.16;-0.70;;;;;313.16;-0.70
217;;Shot after running to doors and eliminated Round 1;1 - Red Light Green Light;1;132;0;0;358.50;133.48;308.35;11.33;358.50;133.48;358.50;133.48;358.50;133.48;;;358.50;133.48;;;;;358.50;133.48;;;;;358.50;133.48;;;;;358.50;133.48
219;;Eliminated Round 1;1 - Red Light Green Light;1;133;0;0;338.52;13.36;487.38;19.92;338.52;13.36;338.52;13.36;338.52;13.36;;;338.52;13.36;;;;;338.52;13.36;;;;;338.52;13.36;;;;;338.52;13.36
220;;Eliminated Round 1;1 - Red Light Green Light;1;134;0;0;314.00;151.53;304.90;82.89;314.00;151.53;314.00;151.53;314.00;151.53;;;314.00;151.53;;;;;314.00;151.53;;;;;314.00;151.53;;;;;314.00;151.53
221;;Shot after running to doors and eliminated Round 1;1 - Red Light Green Light;1;135;0;0;381.74;-6.83;322.23;158.31;381.74;-6.83;381.74;-6.83;381.74;-6.83;;;381.74;-6.83;;;;;381.74;-6.83;;;;;381.74;-6.83;;;;;381.74;-6.83
225;;Shot after running to doors and eliminated Round 1;1 - Red Light Green Light;1;136;0;0;454.06;-25.14;363.28;-33.46;454.06;-25.14;454.06;-25.14;454.06;-25.14;;;454.06;-25.14;;;;;454.06;-25.14;;;;;454.06;-25.14;;;;;454.06;-25.14
227;;Eliminated Round 1;1 - Red Light Green Light;1;137;0;0;504.38;135.67;501.94;93.49;504.38;135.67;504.38;135.67;504.38;135.67;;;504.38;135.67;;;;;504.38;135.67;;;;;504.38;135.67;;;;;504.38;135.67
228;;Shot after running to doors and eliminated Round 1;1 - Red Light Green Light;1;138;0;0;435.44;-3.79;502.06;140.73;435.44;-3.79;435.44;-3.79;435.44;-3.79;;;435.44;-3.79;;;;;435.44;-3.79;;;;;435.44;-3.79;;;;;435.44;-3.79
230;;Eliminated Round 1;1 - Red Light Green Light;1;139;0;0;477.57;109.50;357.73;101.84;477.57;109.50;477.57;109.50;477.57;109.50;;;477.57;109.50;;;;;477.57;109.50;;;;;477.57;109.50;;;;;477.57;109.50
232;;Eliminated Round 1;1 - Red Light Green Light;1;140;0;0;472.35;40.29;437.56;25.63;472.35;40.29;472.35;40.29;472.35;40.29;;;472.35;40.29;;;;;472.35;40.29;;;;;472.35;40.29;;;;;472.35;40.29
235;;Eliminated Round 1;1 - Red Light Green Light;1;141;0;0;438.70;175.80;509.96;59.44;438.70;175.80;438.70;175.80;438.70;175.80;;;438.70;175.80;;;;;438.70;175.80;;;;;438.70;175.80;;;;;438.70;175.80
236;;Ran out of time and eliminated Round 1;1 - Red Light Green Light;1;142;0;0;315.61;39.17;430.43;-38.79;315.61;39.17;315.61;39.17;315.61;39.17;;;315.61;39.17;;;;;315.61;39.17;;;;;315.61;39.17;;;;;315.61;39.17
238;;Eliminated Round 1;1 - Red Light Green Light;1;143;0;0;317.76;87.07;344.33;-11.17;317.76;87.07;317.76;87.07;317.76;87.07;;;317.76;87.07;;;;;317.76;87.07;;;;;317.76;87.07;;;;;317.76;87.07
246;;Shot after running to doors and eliminated Round 1;1 - Red Light Green Light;1;144;0;0;356.99;-21.34;434.77;43.42;356.99;-21.34;356.99;-21.34;356.99;-21.34;;;356.99;-21.34;;;;;356.99;-21.34;;;;;356.99;-21.34;;;;;356.99;-21.34
248;;Eliminated Round 1;1 - Red Light Green Light;1;145;0;0;345.11;33.01;494.60;85.81;345.11;33.01;345.11;33.01;345.11;33.01;;;345.11;33.01;;;;;345.11;33.01;;;;;345.11;33.01;;;;;345.11;33.01
249;;Eliminated Round 1;1 - Red Light Green Light;1;146;0;0;354.58;154.74;363.04;-22.53;354.58;154.74;354.58;154.74;354.58;154.74;;;354.58;154.74;;;;;354.58;154.74;;;;;354.58;154.74;;;;;354.58;154.74
250;;Ran away during Red Light and eliminated Round 1;1 - Red Light Green Light;1;147;0;0;516.44;108.96;395.14;-39.22;516.44;108.96;516.44;108.96;516.44;108.96;;;516.44;108.96;;;;;516.44;108.96;;;;;516.44;108.96;;;;;516.44;108.96
251;;Eliminated Round 1;1 - Red Light Green Light;1;148;0;0;340.34;169.14;379.35;148.12;340.34;169.14;340.34;169.14;340.34;169.14;;;340.34;169.14;;;;;340.34;169.14;;;;;340.34;169.14;;;;;340.34;169.14
252;;Eliminated Round 1;1 - Red Light Green Light;1;149;0;0;371.14;-8.93;288.43;83.20;371.14;-8.93;371.14;-8.93;371.14;-8.93;;;371.14;-8.93;;;;;371.14;-8.93;;;;;371.14;-8.93;;;;;371.14;-8.93
253;;Eliminated Round 1;1 - Red Light Green Light;1;150;0;0;435.15;194.55;461.09;-9.63;435.15;194.55;435.15;194.55;435.15;194.55;;;435.15;194.55;;;;;435.15;194.55;;;;;435.15;194.55;;;;;435.15;194.55
254;;Eliminated Round 1;1 - Red Light Green Light;1;151;0;0;345.69;111.22;413.11;-29.20;345.69;111.22;345.69;111.22;345.69;111.22;;;345.69;111.22;;;;;345.69;111.22;;;;;345.69;111.22;;;;;345.69;111.22
255;;Eliminated Round 1;1 - Red Light Green Light;1;152;0;0;381.63;90.90;406.61;175.82;381.63;90.90;381.63;90.90;381.63;90.90;;;381.63;90.90;;;;;381.63;90.90;;;;;381.63;90.90;;;;;381.63;90.90
256;;Eliminated Round 1;1 - Red Light Green Light;1;153;0;0;385.31;72.15;287.28;124.23;385.31;72.15;385.31;72.15;385.31;72.15;;;385.31;72.15;;;;;385.31;72.15;;;;;385.31;72.15;;;;;385.31;72.15
257;;Eliminated Round 1;1 - Red Light Green Light;1;154;0;0;340.12;129.56;320.91;97.45;340.12;129.56;340.12;129.56;340.12;129.56;;;340.12;129.56;;;;;340.12;129.56;;;;;340.12;129.56;;;;;340.12;129.56
258;;Eliminated Round 1;1 - Red Light Green Light;1;155;0;0;520.71;90.19;345.36;128.15;520.71;90.19;520.71;90.19;520.71;90.19;;;520.71;90.19;;;;;520.71;90.19;;;;;520.71;90.19;;;;;520.71;90.19
259;;Failed to stop in time and eliminated Round 1;1 - Red Light Green Light;1;156;0;0;486.04;141.28;418.09;-38.83;486.04;141.28;486.04;141.28;486.04;141.28;;;486.04;141.28;;;;;486.04;141.28;;;;;486.04;141.28;;;;;486.04;141.28
260;;Failed to stop in time and eliminated Round 1;1 - Red Light Green Light;1;157;0;0;452.49;182.44;462.58;186.16;452.49;182.44;452.49;182.44;452.49;182.44;;;452.49;182.44;;;;;452.49;182.44;;;;;452.49;182.44;;;;;452.49;182.44
261;;Failed to stop in time and eliminated Round 1;1 - Red Light Green Light;1;158;0;0;304.51;146.12;416.31;195.16;304.51;146.12;304.51;146.12;304.51;146.12;;;304.51;146.12;;;;;304.51;146.12;;;;;304.51;146.12;;;;;304.51;146.12
262;;Failed to stop in time and eliminated Round 1;1 - Red Light Green Light;1;159;0;0;346.23;-23.62;324.46;147.57;346.23;-23.62;346.23;-23.62;346.23;-23.62;;;346.23;-23.62;;;;;346.23;-23.62;;;;;346.23;-23.62;;;;;346.23;-23.62
263;;Moved during Red Light and eliminated Round 1;1 - Red Light Green Light;1;160;0;0;368.80;175.84;462.95;146.51;368.80;175.84;368.80;175.84;368.80;175.84;;;368.80;175.84;;;;;368.80;175.84;;;;;368.80;175.84;;;;;368.80;175.84
264;;Eliminated Round 1;1 - Red Light Green Light;1;161;0;0;417.26;201.11;402.23;9.93;417.26;201.11;417.26;201.11;417.26;201.11;;;417.26;201.11;;;;;417.26;201.11;;;;;417.26;201.11;;;;;417.26;201.11
265;;Eliminated Round 1;1 - Red Light Green Light;1;162;0;0;309.27;71.17;457.95;8.44;309.27;71.17;309.27;71.17;309.27;71.17;;;309.27;71.17;;;;;309.27;71.17;;;;;309.27;71.17;;;;;309.27;71.17
266;;Eliminated Round 1;1 - Red Light Green Light;1;163;0;0;485.65;72.59;487.26;161.63;485.65;72.59;485.65;72.59;485.65;72.59;;;485.65;72.59;;;;;485.65;72.59;;;;;485.65;72.59;;;;;485.65;72.59
267;;Eliminated Round 1;1 - Red Light Green Light;1;164;0;0;467.00;146.90;343.70;162.37;467.00;146.90;467.00;146.90;467.00;146.90;;;467.00;146.90;;;;;467.00;146.90;;;;;467.00;146.90;;;;;467.00;146.90
268;;Eliminated Round 1;1 - Red Light Green Light;1;165;0;0;513.39;98.40;459.75;175.53;513.39;98.40;513.39;98.40;513.39;98.40;;;513.39;98.40;;;;;513.39;98.40;;;;;513.39;98.40;;;;;513.39;98.40
269;;Eliminated Round 1;1 - Red Light Green Light;1;166;0;0;442.13;186.02;392.60;106.85;442.13;186.02;442.13;186.02;442.13;186.02;;;442.13;186.02;;;;;442.13;186.02;;;;;442.13;186.02;;;;;442.13;186.02
270;;Eliminated Round 1;1 - Red Light Green Light;1;167;0;0;299.65;109.56;517.80;112.32;299.65;109.56;299.65;109.56;299.65;109.56;;;299.65;109.56;;;;;299.65;109.56;;;;;299.65;109.56;;;;;299.65;109.56
272;;Moved during Red Light and eliminated Round 1;1 - Red Light Green Light;1;168;0;0;378.04;180.77;306.53;22.09;378.04;180.77;378.04;180.77;378.04;180.77;;;378.04;180.77;;;;;378.04;180.77;;;;;378.04;180.77;;;;;378.04;180.77
274;;Moved during Red Light and eliminated Round 1;1 - Red Light Green Light;1;169;0;0;328.51;68.79;501.74;52.26;328.51;68.79;328.51;68.79;328.51;68.79;;;328.51;68.79;;;;;328.51;68.79;;;;;328.51;68.79;;;;;328.51;68.79
275;;Eliminated Round 1;1 - Red Light Green Light;1;170;0;0;435.04;17.72;354.55;64.79;435.04;17.72;435.04;17.72;435.04;17.72;;;435.04;17.72;;;;;435.04;17.72;;;;;435.04;17.72;;;;;435.04;17.72
276;;Shot after running to doors and eliminated Round 1;1 - Red Light Green Light;1;171;0;0;373.81;30.07;463.29;94.12;373.81;30.07;373.81;30.07;373.81;30.07;;;373.81;30.07;;;;;373.81;30.07;;;;;373.81;30.07;;;;;373.81;30.07
280;;Shot after running away and eliminated Round 1;1 - Red Light Green Light;1;172;0;0;510.60;58.57;385.57;139.88;510.60;58.57;510.60;58.57;510.60;58.57;;;510.60;58.57;;;;;510.60;58.57;;;;;510.60;58.57;;;;;510.60;58.57
281;;Moved during Red Light and eliminated Round 1;1 - Red Light Green Light;1;173;0;0;409.15;60.34;404.44;102.33;409.15;60.34;409.15;60.34;409.15;60.34;;;409.15;60.34;;;;;409.15;60.34;;;;;409.15;60.34;;;;;409.15;60.34
282;;Eliminated Round 1;1 - Red Light Green Light;1;174;0;0;385.37;201.39;457.71;125.87;385.37;201.39;385.37;201.39;385.37;201.39;;;385.37;201.39;;;;;385.37;201.39;;;;;385.37;201.39;;;;;385.37;201.39
283;;Eliminated Round 1;1 - Red Light Green Light;1;175;0;0;440.09;109.82;477.63;130.49;440.09;109.82;440.09;109.82;440.09;109.82;;;440.09;109.82;;;;;440.09;109.82;;;;;440.09;109.82;;;;;440.09;109.82
284;;Eliminated Round 1;1 - Red Light Green Light;1;176;0;0;473.49;-13.35;353.40;-27.72;473.49;-13.35;473.49;-13.35;473.49;-13.35;;;473.49;-13.35;;;;;473.49;-13.35;;;;;473.49;-13.35;;;;;473.49;-13.35
285;;Eliminated Round 1;1 - Red Light Green Light;1;177;0;0;350.74;166.63;507.03;71.10;350.74;166.63;350.74;166.63;350.74;166.63;;;350.74;166.63;;;;;350.74;166.63;;;;;350.74;166.63;;;;;350.74;166.63
286;;Eliminated Round 1;1 - Red Light Green Light;1;178;0;0;489.35;53.85;347.92;46.79;489.35;53.85;489.35;53.85;489.35;53.85;;;489.35;53.85;;;;;489.35;53.85;;;;;489.35;53.85;;;;;489.35;53.85
287;;Eliminated Round 1;1 - Red Light Green Light;1;179;0;0;281.00;109.56;375.08;36.03;281.00;109.56;281.00;109.56;281.00;109.56;;;281.00;109.56;;;;;281.00;109.56;;;;;281.00;109.56;;;;;281.00;109.56
288;;Shot after running away and eliminated Round 1;1 - Red Light Green Light;1;180;0;0;453.69;18.32;280.06;62.12;453.69;18.32;453.69;18.32;453.69;18.32;;;453.69;18.32;;;;;453.69;18.32;;;;;453.69;18.32;;;;;453.69;18.32
289;;Moved during Red Light and eliminated Round 1;1 - Red Light Green Light;1;181;0;0;418.20;96.33;381.85;-1.12;418.20;96.33;418.20;96.33;418.20;96.33;;;418.20;96.33;;;;;418.20;96.33;;;;;418.20;96.33;;;;;418.20;96.33
290;;Eliminated Round 1;1 - Red Light Green Light;1;182;0;0;337.19;179.60;294.25;36.50;337.19;179.60;337.19;179.60;337.19;179.60;;;337.19;179.60;;;;;337.19;179.60;;;;;337.19;179.60;;;;;337.19;179.60
291;;Eliminated Round 1;1 - Red Light Green Light;1;183;0;0;491.82;9.04;405.96;-37.39;491.82;9.04;491.82;9.04;491.82;9.04;;;491.82;9.04;;;;;491.82;9.04;;;;;491.82;9.04;;;;;491.82;9.04
292;;Eliminated Round 1;1 - Red Light Green Light;1;184;0;0;469.04;157.59;390.04;185.62;469.04;157.59;469.04;157.59;469.04;157.59;;;469.04;157.59;;;;;469.04;157.59;;;;;469.04;157.59;;;;;469.04;157.59
293;;Eliminated Round 1;1 - Red Light Green Light;1;185;0;0;483.39;130.67;363.25;-11.76;483.39;130.67;483.39;130.67;483.39;130.67;;;483.39;130.67;;;;;483.39;130.67;;;;;483.39;130.67;;;;;483.39;130.67
294;;Eliminated Round 1;1 - Red Light Green Light;1;186;0;0;468.40;78.27;320.18;169.00;468.40;78.27;468.40;78.27;468.40;78.27;;;468.40;78.27;;;;;468.40;78.27;;;;;468.40;78.27;;;;;468.40;78.27
295;;Eliminated Round 1;1 - Red Light Green Light;1;187;0;0;402.55;29.23;339.21;172.26;402.55;29.23;402.55;29.23;402.55;29.23;;;402.55;29.23;;;;;402.55;29.23;;;;;402.55;29.23;;;;;402.55;29.23
296;;Eliminated Round 1;1 - Red Light Green Light;1;188;0;0;370.56;118.07;355.10;183.43;370.56;118.07;370.56;118.07;370.56;118.07;;;370.56;118.07;;;;;370.56;118.07;;;;;370.56;118.07;;;;;370.56;118.07
297;;Eliminated Round 1;1 - Red Light Green Light;1;189;0;0;477.51;149.32;515.60;50.10;477.51;149.32;477.51;149.32;477.51;149.32;;;477.51;149.32;;;;;477.51;149.32;;;;;477.51;149.32;;;;;477.51;149.32
298;;Moved during Red Light and eliminated Round 1;1 - Red Light Green Light;1;190;0;0;511.99;127.59;373.00;67.60;511.99;127.59;511.99;127.59;511.99;127.59;;;511.99;127.59;;;;;511.99;127.59;;;;;511.99;127.59;;;;;511.99;127.59
299;;Eliminated Round 1;1 - Red Light Green Light;1;191;0;0;385.07;3.53;426.87;24.80;385.07;3.53;385.07;3.53;385.07;3.53;;;385.07;3.53;;;;;385.07;3.53;;;;;385.07;3.53;;;;;385.07;3.53
300;;Eliminated Round 1;1 - Red Light Green Light;1;192;0;0;503.64;46.04;406.45;139.40;503.64;46.04;503.64;46.04;503.64;46.04;;;503.64;46.04;;;;;503.64;46.04;;;;;503.64;46.04;;;;;503.64;46.04
304;;Eliminated Round 1;1 - Red Light Green Light;1;193;0;0;336.17;97.51;320.50;108.64;336.17;97.51;336.17;97.51;336.17;97.51;;;336.17;97.51;;;;;336.17;97.51;;;;;336.17;97.51;;;;;336.17;97.51
305;;Eliminated Round 1;1 - Red Light Green Light;1;194;0;0;501.56;24.50;497.82;23.27;501.56;24.50;501.56;24.50;501.56;24.50;;;501.56;24.50;;;;;501.56;24.50;;;;;501.56;24.50;;;;;501.56;24.50
306;;Moved during Red Light and eliminated Round 1;1 - Red Light Green Light;1;195;0;0;381.69;191.03;473.06;-6.93;381.69;191.03;381.69;191.03;381.69;191.03;;;381.69;191.03;;;;;381.69;191.03;;;;;381.69;191.03;;;;;381.69;191.03
307;;Eliminated Round 1;1 - Red Light Green Light;1;196;0;0;366.72;186.47;423.02;185.40;366.72;186.47;366.72;186.47;366.72;186.47;;;366.72;186.47;;;;;366.72;186.47;;;;;366.72;186.47;;;;;366.72;186.47
309;;Ran out of time and eliminated Round 1;1 - Red Light Green Light;1;197;0;0;348.91;43.06;400.59;129.64;348.91;43.06;348.91;43.06;348.91;43.06;;;348.91;43.06;;;;;348.91;43.06;;;;;348.91;43.06;;;;;348.91;43.06
310;;Eliminated Round 1;1 - Red Light Green Light;1;198;0;0;309.03;103.78;390.87;148.59;309.03;103.78;309.03;103.78;309.03;103.78;;;309.03;103.78;;;;;309.03;103.78;;;;;309.03;103.78;;;;;309.03;103.78
312;;Eliminated Round 1;1 - Red Light Green Light;1;199;0;0;369.58;48.06;329.05;176.37;369.58;48.06;369.58;48.06;369.58;48.06;;;369.58;48.06;;;;;369.58;48.06;;;;;369.58;48.06;;;;;369.58;48.06
313;;Eliminated Round 1;1 - Red Light Green Light;1;200;0;0;331.33;21.59;326.49;0.65;331.33;21.59;331.33;21.59;331.33;21.59;;;331.33;21.59;;;;;331.33;21.59;;;;;331.33;21.59;;;;;331.33;21.59
316;;Eliminated Round 1;1 - Red Light Green Light;1;201;0;0;482.12;25.20;332.54;82.54;482.12;25.20;482.12;25.20;482.12;25.20;;;482.12;25.20;;;;;482.12;25.20;;;;;482.12;25.20;;;;;482.12;25.20
317;;Eliminated Round 1;1 - Red Light Green Light;1;202;0;0;372.00;196.12;495.44;12.58;372.00;196.12;372.00;196.12;372.00;196.12;;;372.00;196.12;;;;;372.00;196.12;;;;;372.00;196.12;;;;;372.00;196.12
318;;Eliminated Round 1;1 - Red Light Green Light;1;203;0;0;416.33;-28.27;415.54;7.37;416.33;-28.27;416.33;-28.27;416.33;-28.27;;;416.33;-28.27;;;;;416.33;-28.27;;;;;416.33;-28.27;;;;;416.33;-28.27
319;;Eliminated Round 1;1 - Red Light Green Light;1;204;0;0;496.59;143.84;506.03;16.18;496.59;143.84;496.59;143.84;496.59;143.84;;;496.59;143.84;;;;;496.59;143.84;;;;;496.59;143.84;;;;;496.59;143.84
320;;Ran out of time and eliminated Round 1;1 - Red Light Green Light;1;205;0;0;366.75;37.95;373.40;15.14;366.75;37.95;366.75;37.95;366.75;37.95;;;366.75;37.95;;;;;366.75;37.95;;;;;366.75;37.95;;;;;366.75;37.95
321;;Ran out of time and eliminated Round 1;1 - Red Light Green Light;1;206;0;0;299.52;98.53;284.84;108.22;299.52;98.53;299.52;98.53;299.52;98.53;;;299.52;98.53;;;;;299.52;98.53;;;;;299.52;98.53;;;;;299.52;98.53
323;;Ran out of time and eliminated Round 1;1 - Red Light Green Light;1;207;0;0;407.68;-21.60;326.99;14.68;407.68;-21.60;407.68;-21.60;407.68;-21.60;;;407.68;-21.60;;;;;407.68;-21.60;;;;;407.68;-21.60;;;;;407.68;-21.60
324;;Moved during Red Light and eliminated Round 1;1 - Red Light Green Light;1;208;0;0;480.71;120.11;401.41;31.57;480.71;120.11;480.71;120.11;480.71;120.11;;;480.71;120.11;;;;;480.71;120.11;;;;;480.71;120.11;;;;;480.71;120.11
325;;Ran out of time and eliminated Round 1;1 - Red Light Green Light;1;209;0;0;338.22;41.55;499.21;35.85;338.22;41.55;338.22;41.55;338.22;41.55;;;338.22;41.55;;;;;338.22;41.55;;;;;338.22;41.55;;;;;338.22;41.55
326;;Shot after running to doors and eliminated Round 1;1 - Red Light Green Light;1;210;0;0;406.00;170.30;292.29;47.39;406.00;170.30;406.00;170.30;406.00;170.30;;;406.00;170.30;;;;;406.00;170.30;;;;;406.00;170.30;;;;;406.00;170.30
329;;Shot after running to doors and eliminated Round 1;1 - Red Light Green Light;1;211;0;0;412.29;34.07;441.36;180.37;412.29;34.07;412.29;34.07;412.29;34.07;;;412.29;34.07;;;;;412.29;34.07;;;;;412.29;34.07;;;;;412.29;34.07
331;;Eliminated Round 1;1 - Red Light Green Light;1;212;0;0;449.71;193.95;295.32;135.29;449.71;193.95;449.71;193.95;449.71;193.95;;;449.71;193.95;;;;;449.71;193.95;;;;;449.71;193.95;;;;;449.71;193.95
333;;Ran out of time and eliminated Round 1;1 - Red Light Green Light;1;213;0;0;434.66;39.11;390.52;-29.20;434.66;39.11;434.66;39.11;434.66;39.11;;;434.66;39.11;;;;;434.66;39.11;;;;;434.66;39.11;;;;;434.66;39.11
334;;Ran out of time and eliminated Round 1;1 - Red Light Green Light;1;214;0;0;363.75;-0.57;344.93;140.60;363.75;-0.57;363.75;-0.57;363.75;-0.57;;;363.75;-0.57;;;;;363.75;-0.57;;;;;363.75;-0.57;;;;;363.75;-0.57
339;;Shot after running away and eliminated Round 1;1 - Red Light Green Light;1;215;0;0;342.12;-5.16;434.30;148.79;342.12;-5.16;342.12;-5.16;342.12;-5.16;;;342.12;-5.16;;;;;342.12;-5.16;;;;;342.12;-5.16;;;;;342.12;-5.16
340;;Eliminated Round 1;1 - Red Light Green Light;1;216;0;0;514.35;48.25;363.36;-1.00;514.35;48.25;514.35;48.25;514.35;48.25;;;514.35;48.25;;;;;514.35;48.25;;;;;514.35;48.25;;;;;514.35;48.25
343;;Eliminated Round 1;1 - Red Light Green Light;1;217;0;0;501.28;35.54;370.90;77.13;501.28;35.54;501.28;35.54;501.28;35.54;;;501.28;35.54;;;;;501.28;35.54;;;;;501.28;35.54;;;;;501.28;35.54
345;;Eliminated Round 1;1 - Red Light Green Light;1;218;0;0;280.79;98.53;466.94;21.58;280.79;98.53;280.79;98.53;280.79;98.53;;;280.79;98.53;;;;;280.79;98.53;;;;;280.79;98.53;;;;;280.79;98.53
355;;Eliminated Round 1;1 - Red Light Green Light;1;219;0;0;424.35;192.73;362.42;175.36;424.35;192.73;424.35;192.73;424.35;192.73;;;424.35;192.73;;;;;424.35;192.73;;;;;424.35;192.73;;;;;424.35;192.73
356;;Eliminated Round 1;1 - Red Light Green Light;1;220;0;0;327.45;102.67;350.05;173.59;327.45;102.67;327.45;102.67;327.45;102.67;;;327.45;102.67;;;;;327.45;102.67;;;;;327.45;102.67;;;;;327.45;102.67
359;;Eliminated Round 1;1 - Red Light Green Light;1;221;0;0;329.68;171.73;481.52;60.20;329.68;171.73;329.68;171.73;329.68;171.73;;;329.68;171.73;;;;;329.68;171.73;;;;;329.68;171.73;;;;;329.68;171.73
362;;Eliminated Round 1;1 - Red Light Green Light;1;222;0;0;409.64;180.60;326.73;64.81;409.64;180.60;409.64;180.60;409.64;180.60;;;409.64;180.60;;;;;409.64;180.60;;;;;409.64;180.60;;;;;409.64;180.60
366;;Shot after running away and eliminated Round 1;1 - Red Light Green Light;1;223;0;0;444.54;-20.01;367.64;98.33;444.54;-20.01;444.54;-20.01;444.54;-20.01;;;444.54;-20.01;;;;;444.54;-20.01;;;;;444.54;-20.01;;;;;444.54;-20.01
368;;Shot after running to doors and eliminated Round 1;1 - Red Light Green Light;1;224;0;0;321.41;164.49;504.69;82.11;321.41;164.49;321.41;164.49;321.41;164.49;;;321.41;164.49;;;;;321.41;164.49;;;;;321.41;164.49;;;;;321.41;164.49
369;;Shot after running to doors and eliminated Round 1;1 - Red Light Green Light;1;225;0;0;488.14;152.04;401.25;-27.58;488.14;152.04;488.14;152.04;488.14;152.04;;;488.14;152.04;;;;;488.14;152.04;;;;;488.14;152.04;;;;;488.14;152.04
370;;Shot after running to doors and eliminated Round 1;1 - Red Light Green Light;1;226;0;0;349.49;-13.28;302.46;43.54;349.49;-13.28;349.49;-13.28;349.49;-13.28;;;349.49;-13.28;;;;;349.49;-13.28;;;;;349.49;-13.28;;;;;349.49;-13.28
372;;Moved during Red Light and eliminated Round 1;1 - Red Light Green Light;1;227;0;0;308.86;92.82;517.26;67.56;308.86;92.82;308.86;92.82;308.86;92.82;;;308.86;92.82;;;;;308.86;92.82;;;;;308.86;92.82;;;;;308.86;92.82
382;;Eliminated Round 1;1 - Red Light Green Light;1;228;0;0;397.40;126.90;452.45;144.15;397.40;126.90;397.40;126.90;397.40;126.90;;;397.40;126.90;;;;;397.40;126.90;;;;;397.40;126.90;;;;;397.40;126.90
384;;Eliminated Round 1;1 - Red Light Green Light;1;229;0;0;332.86;161.21;430.67;61.64;332.86;161.21;332.86;161.21;332.86;161.21;;;332.86;161.21;;;;;332.86;161.21;;;;;332.86;161.21;;;;;332.86;161.21
389;;Eliminated Round 1;1 - Red Light Green Light;1;230;0;0;299.50;131.25;314.81;29.03;299.50;131.25;299.50;131.25;299.50;131.25;;;299.50;131.25;;;;;299.50;131.25;;;;;299.50;131.25;;;;;299.50;131.25
393;;Eliminated Round 1;1 - Red Light Green Light;1;231;0;0;387.65;131.30;483.52;48.52;387.65;131.30;387.65;131.30;387.65;131.30;;;387.65;131.30;;;;;387.65;131.30;;;;;387.65;131.30;;;;;387.65;131.30
398;;Ran out of time and eliminated Round 1;1 - Red Light Green Light;1;232;0;0;406.41;199.21;510.25;100.48;406.41;199.21;406.41;199.21;406.41;199.21;;;406.41;199.21;;;;;406.41;199.21;;;;;406.41;199.21;;;;;406.41;199.21
399;;Shot after running to doors and eliminated Round 1;1 - Red Light Green Light;1;233;0;0;341.02;78.87;419.42;-20.36;341.02;78.87;341.02;78.87;341.02;78.87;;;341.02;78.87;;;;;341.02;78.87;;;;;341.02;78.87;;;;;341.02;78.87
400;;Eliminated Round 1;1 - Red Light Green Light;1;234;0;0;517.32;79.55;335.07;7.44;517.32;79.55;517.32;79.55;517.32;79.55;;;517.32;79.55;;;;;517.32;79.55;;;;;517.32;79.55;;;;;517.32;79.55
405;;Ran out of time and eliminated Round 1;1 - Red Light Green Light;1;235;0;0;387.99;13.84;445.25;113.27;387.99;13.84;387.99;13.84;387.99;13.84;;;387.99;13.84;;;;;387.99;13.84;;;;;387.99;13.84;;;;;387.99;13.84
409;;Ran out of time and eliminated Round 1;1 - Red Light Green Light;1;236;0;0;445.02;-8.88;368.92;87.83;445.02;-8.88;445.02;-8.88;445.02;-8.88;;;445.02;-8.88;;;;;445.02;-8.88;;;;;445.02;-8.88;;;;;445.02;-8.88
411;;Eliminated Round 1;1 - Red Light Green Light;1;237;0;0;482.44;3.34;482.22;-12.76;482.44;3.34;482.44;3.34;482.44;3.34;;;482.44;3.34;;;;;482.44;3.34;;;;;482.44;3.34;;;;;482.44;3.34
415;;Eliminated Round 1;1 - Red Light Green Light;1;238;0;0;450.60;84.06;408.23;-19.41;450.60;84.06;450.60;84.06;450.60;84.06;;;450.60;84.06;;;;;450.60;84.06;;;;;450.60;84.06;;;;;450.60;84.06
419;;Eliminated Round 1;1 - Red Light Green Light;1;239;0;0;404.15;-31.67;493.56;45.02;404.15;-31.67;404.15;-31.67;404.15;-31.67;;;404.15;-31.67;;;;;404.15;-31.67;;;;;404.15;-31.67;;;;;404.15;-31.67
425;;Ran out of time and eliminated Round 1;1 - Red Light Green Light;1;240;0;0;481.95;91.06;343.55;182.46;481.95;91.06;481.95;91.06;481.95;91.06;;;481.95;91.06;;;;;481.95;91.06;;;;;481.95;91.06;;;;;481.95;91.06
426;;;1 - Red Light Green Light;1;241;0;0;350.57;81.80;395.54;176.11;350.57;81.80;350.57;81.80;350.57;81.80;;;350.57;81.80;;;;;350.57;81.80;;;;;350.57;81.80;;;;;350.57;81.80
427;;Eliminated Round 1;1 - Red Light Green Light;1;242;0;0;392.54;193.03;440.29;92.23;392.54;193.03;392.54;193.03;392.54;193.03;;;392.54;193.03;;;;;392.54;193.03;;;;;392.54;193.03;;;;;392.54;193.03
428;;;1 - Red Light Green Light;1;243;0;0;364.41;-29.52;437.41;159.54;364.41;-29.52;364.41;-29.52;364.41;-29.52;;;364.41;-29.52;;;;;364.41;-29.52;;;;;364.41;-29.52;;;;;364.41;-29.52
429;;;1 - Red Light Green Light;1;244;0;0;391.84;101.18;421.41;16.72;391.84;101.18;391.84;101.18;391.84;101.18;;;391.84;101.18;;;;;391.84;101.18;;;;;391.84;101.18;;;;;391.84;101.18
430;;Shot after running to doors and eliminated Round 1;1 - Red Light Green Light;1;245;0;0;407.23;20.31;424.30;-29.85;407.23;20.31;407.23;20.31;407.23;20.31;;;407.23;20.31;;;;;407.23;20.31;;;;;407.23;20.31;;;;;407.23;20.31
431;;;1 - Red Light Green Light;1;246;0;0;318.41;108.89;412.07;184.96;318.41;108.89;318.41;108.89;318.41;108.89;;;318.41;108.89;;;;;318.41;108.89;;;;;318.41;108.89;;;;;318.41;108.89
432;;;1 - Red Light Green Light;1;247;0;0;338.53;140.52;498.43;104.27;338.53;140.52;338.53;140.52;338.53;140.52;;;338.53;140.52;;;;;338.53;140.52;;;;;338.53;140.52;;;;;338.53;140.52
433;;;1 - Red Light Green Light;1;248;0;0;472.48;29.78;458.74;28.56;472.48;29.78;472.48;29.78;472.48;29.78;;;472.48;29.78;;;;;472.48;29.78;;;;;472.48;29.78;;;;;472.48;29.78
434;;;1 - Red Light Green Light;1;249;0;0;399.92;85.41;405.31;195.42;399.92;85.41;399.92;85.41;399.92;85.41;;;399.92;85.41;;;;;399.92;85.41;;;;;399.92;85.41;;;;;399.92;85.41
440;;Eliminated Round 1;1 - Red Light Green Light;1;250;0;0;433.52;89.19;520.64;96.88;433.52;89.19;433.52;89.19;433.52;89.19;;;433.52;89.19;;;;;433.52;89.19;;;;;433.52;89.19;;;;;433.52;89.19
441;;Eliminated Round 1;1 - Red Light Green Light;1;251;0;0;453.90;93.50;310.52;50.57;453.90;93.50;453.90;93.50;453.90;93.50;;;453.90;93.50;;;;;453.90;93.50;;;;;453.90;93.50;;;;;453.90;93.50
443;;Ran out of time and eliminated Round 1;1 - Red Light Green Light;1;252;0;0;361.06;123.52;447.84;26.71;361.06;123.52;361.06;123.52;361.06;123.52;;;361.06;123.52;;;;;361.06;123.52;;;;;361.06;123.52;;;;;361.06;123.52
454;;Ran out of time and eliminated Round 1;1 - Red Light Green Light;1;253;0;0;309.96;125.55;400.73;53.58;309.96;125.55;309.96;125.55;309.96;125.55;;;309.96;125.55;;;;;309.96;125.55;;;;;309.96;125.55;;;;;309.96;125.55
455;Kim In-hyeok;Shot after running away and eliminated Round 1;1 - Red Light Green Light;1;254;0;0;309.72;19.71;311.70;161.56;309.72;19.71;309.72;19.71;309.72;19.71;;;309.72;19.71;;;;;309.72;19.71;;;;;309.72;19.71;;;;;309.72;19.71
66;;Exited game after voting and did not return;1b - voting;3;255;0;0;475.36;411.63;507.36;28.74;391.94;367.49;387.30;455.56;475.36;411.63;;;475.36;411.63;;;;;475.36;411.63;;;;;475.36;411.63;;;;;475.36;411.63
100;;Shot in the chest after panicking;1b - voting;3;256;0;0;396.57;342.36;487.99;107.16;408.27;401.66;336.92;419.55;396.57;342.36;;;396.57;342.36;;;;;396.57;342.36;;;;;396.57;342.36;;;;;396.57;342.36
117;;Exited game after voting and didn't return;1b - voting;3;257;0;0;393.87;374.88;466.00;156.98;426.62;413.42;367.56;472.58;393.87;374.88;;;393.87;374.88;;;;;393.87;374.88;;;;;393.87;374.88;;;;;393.87;374.88
150;;Exited game after voting and didn't return;1b - voting;3;258;0;0;331.36;416.62;332.71;154.89;443.96;378.01;352.89;435.86;331.36;416.62;;;331.36;416.62;;;;;331.36;416.62;;;;;331.36;416.62;;;;;331.36;416.62
337;;Exited game after voting and did not return;1b - voting;3;259;0;0;425.10;349.26;366.94;40.78;468.52;395.20;360.84;443.46;425.10;349.26;;;425.10;349.26;;;;;425.10;349.26;;;;;425.10;349.26;;;;;425.10;349.26
341;;Exited game after voting and did not return;1b - voting;3;260;0;0;397.27;436.31;403.87;92.00;406.48;434.24;436.59;349.74;397.27;436.31;;;397.27;436.31;;;;;397.27;436.31;;;;;397.27;436.31;;;;;397.27;436.31
342;;Exited game after voting and didn't return;1b - voting;3;261;0;0;403.68;370.35;356.31;54.56;377.53;437.54;400.40;441.82;403.68;370.35;;;403.68;370.35;;;;;403.68;370.35;;;;;403.68;370.35;;;;;403.68;370.35
344;;Exited game after voting and didn't return;1b - voting;3;262;0;0;440.43;385.03;475.44;3.79;446.59;434.61;457.06;350.52;440.43;385.03;;;440.43;385.03;;;;;440.43;385.03;;;;;440.43;385.03;;;;;440.43;385.03
346;;Exited game after voting and didn't return;1b - voting;3;263;0;0;477.42;389.19;391.58;-6.50;386.71;443.74;386.90;359.98;477.42;389.19;;;477.42;389.19;;;;;477.42;389.19;;;;;477.42;389.19;;;;;477.42;389.19
347;;Exited game after voting and didn't return;1b - voting;3;264;0;0;401.87;391.93;312.73;39.76;469.10;364.49;457.78;404.18;401.87;391.93;;;401.87;391.93;;;;;401.87;391.93;;;;;401.87;391.93;;;;;401.87;391.93
348;;Exited game after voting and didn't return;1b - voting;3;265;0;0;425.18;326.29;343.54;14.31;414.18;462.02;365.09;358.20;425.18;326.29;;;425.18;326.29;;;;;425.18;326.29;;;;;425.18;326.29;;;;;425.18;326.29
350;;Exited game after voting and didn't return;1b - voting;3;266;0;0;412.71;376.63;374.07;57.20;335.41;445.89;454.85;361.27;412.71;376.63;;;412.71;376.63;;;;;412.71;376.63;;;;;412.71;376.63;;;;;412.71;376.63
435;;;1b - voting;3;267;0;0;451.75;453.41;515.05;78.50;343.40;395.38;426.31;353.23;451.75;453.41;;;451.75;453.41;;;;;451.75;453.41;;;;;451.75;453.41;;;;;451.75;453.41
436;;;1b - voting;3;268;0;0;369.14;324.31;350.99;36.08;425.46;435.10;329.07;411.57;369.14;324.31;;;369.14;324.31;;;;;369.14;324.31;;;;;369.14;324.31;;;;;369.14;324.31
23;;Broke his honeycomb and eliminated Round 2;2 - Dalgona;4;269;0;0;726.89;212.73;489.36;66.83;353.52;364.60;371.39;349.00;651.94;189.92;;;726.89;212.73;;;;;726.89;212.73;;;;;726.89;212.73;;;;;726.89;212.73
30;;Failed to finished his honeycomb on time and eliminated Round 2;2 - Dalgona;4;270;0;0;617.17;257.38;458.38;57.37;375.11;470.31;455.29;415.01;723.41;194.98;;;617.17;257.38;;;;;617.17;257.38;;;;;617.17;257.38;;;;;617.17;257.38
31;;Broke his honeycomb and eliminated Round 2;2 - Dalgona;4;271;0;0;729.89;193.85;382.02;-11.98;363.43;369.28;401.57;322.35;656.98;293.70;;;729.89;193.85;;;;;729.89;193.85;;;;;729.89;193.85;;;;;729.89;193.85
38;;Broke his honeycomb and eliminated Round 2;2 - Dalgona;4;272;0;0;679.77;250.77;401.07;20.95;356.03;351.68;433.01;463.72;674.27;317.12;;;679.77;250.77;;;;;679.77;250.77;;;;;679.77;250.77;;;;;679.77;250.77
42;;Broke his honeycomb and eliminated Round 2;2 - Dalgona;4;273;0;0;671.80;187.02;342.77;79.05;343.37;414.63;355.47;425.27;608.12;229.23;;;671.80;187.02;;;;;671.80;187.02;;;;;671.80;187.02;;;;;671.80;187.02
45;;Broke her honeycomb and eliminated Round 2;2 - Dalgona;4;274;0;0;654.32;285.66;343.77;28.52;387.60;339.43;410.48;399.41;651.92;208.78;;;654.32;285.66;;;;;654.32;285.66;;;;;654.32;285.66;;;;;654.32;285.66
53;;Broke his honeycomb and eliminated Round 2;2 - Dalgona;4;275;0;0;709.13;247.72;491.52;55.80;349.82;386.20;395.03;331.16;655.48;255.17;;;709.13;247.72;;;;;709.13;247.72;;;;;709.13;247.72;;;;;709.13;247.72
61;;Broke her honeycomb and eliminated Round 2;2 - Dalgona;4;276;0;0;621.62;213.64;440.03;131.21;435.75;340.00;379.20;408.82;629.79;208.48;;;621.62;213.64;;;;;621.62;213.64;;;;;621.62;213.64;;;;;621.62;213.64
79;;Broke his honeycomb and eliminated Round 2;2 - Dalgona;4;277;0;0;728.66;281.94;293.38;114.98;406.48;341.87;478.63;397.27;661.18;275.73;;;728.66;281.94;;;;;728.66;281.94;;;;;728.66;281.94;;;;;728.66;281.94
84;;Failed to finished his honeycomb on time and eliminated Round 2;2 - Dalgona;4;278;0;0;734.17;233.77;363.53;129.96;455.18;458.62;406.23;332.26;706.05;186.97;;;734.17;233.77;;;;;734.17;233.77;;;;;734.17;233.77;;;;;734.17;233.77
113;;Failed to finished his honeycomb on time and eliminated Round 2;2 - Dalgona;4;279;0;0;627.01;252.91;316.74;68.55;375.95;459.38;434.41;421.52;657.34;199.45;;;627.01;252.91;;;;;627.01;252.91;;;;;627.01;252.91;;;;;627.01;252.91
116;;Broke his honeycomb and eliminated Round 2;2 - Dalgona;4;280;0;0;654.47;179.13;504.55;121.40;457.44;404.09;460.09;393.32;651.83;227.30;;;654.47;179.13;;;;;654.47;179.13;;;;;654.47;179.13;;;;;654.47;179.13
119;No Sang-hun;Broke his honeycomb and voluntarily eliminated himself in Round 2;2 - Dalgona;4;281;0;0;677.95;213.78;489.70;30.56;404.12;466.93;429.68;444.92;709.41;224.62;;;677.95;213.78;;;;;677.95;213.78;;;;;677.95;213.78;;;;;677.95;213.78
126;;Broke his honeycomb and eliminated Round 2;2 - Dalgona;4;282;0;0;698.61;245.42;410.68;111.38;359.98;405.30;410.73;460.02;741.06;263.05;;;698.61;245.42;;;;;698.61;245.42;;;;;698.61;245.42;;;;;698.61;245.42
135;;Failed to finished his honeycomb on time and eliminated Round 2;2 - Dalgona;4;283;0;0;704.91;265.98;392.81;-17.50;336.69;434.98;382.34;349.99;635.40;199.13;;;704.91;265.98;;;;;704.91;265.98;;;;;704.91;265.98;;;;;704.91;265.98
148;;Failed to finished her honeycomb in time and eliminated Round 2;2 - Dalgona;4;284;0;0;637.88;237.46;379.18;167.03;404.96;456.05;342.31;438.63;635.18;217.83;;;637.88;237.46;;;;;637.88;237.46;;;;;637.88;237.46;;;;;637.88;237.46
182;;Broke his honeycomb and eliminated Round 2;2 - Dalgona;4;285;0;0;616.07;268.18;469.07;-17.03;437.23;329.16;395.05;423.76;710.62;176.99;;;616.07;268.18;;;;;616.07;268.18;;;;;616.07;268.18;;;;;616.07;268.18
188;;Broke his honeycomb and eliminated Round 2;2 - Dalgona;4;286;0;0;741.18;225.44;401.04;185.28;332.47;414.43;479.31;383.33;726.94;284.14;;;741.18;225.44;;;;;741.18;225.44;;;;;741.18;225.44;;;;;741.18;225.44
197;;Broke his honeycomb and eliminated Round 2;2 - Dalgona;4;287;0;0;648.76;222.81;423.37;96.82;390.83;378.35;379.37;448.04;668.57;218.19;;;648.76;222.81;;;;;648.76;222.81;;;;;648.76;222.81;;;;;648.76;222.81
200;;Failed to finished his honeycomb on time and eliminated Round 2;2 - Dalgona;4;288;0;0;711.01;171.05;430.59;177.51;323.91;373.40;369.59;368.23;729.73;204.69;;;711.01;171.05;;;;;711.01;171.05;;;;;711.01;171.05;;;;;711.01;171.05
209;;Broke her honeycomb and eliminated Round 2;2 - Dalgona;4;289;0;0;691.62;225.16;337.40;121.28;425.57;344.04;452.76;425.79;629.07;267.76;;;691.62;225.16;;;;;691.62;225.16;;;;;691.62;225.16;;;;;691.62;225.16
215;;Broke his honeycomb and eliminated Round 2;2 - Dalgona;4;290;0;0;609.21;240.10;442.43;-20.49;414.12;359.02;404.11;350.80;622.20;288.16;;;609.21;240.10;;;;;609.21;240.10;;;;;609.21;240.10;;;;;609.21;240.10
223;;Failed to finished his honeycomb in time and eliminated Round 2;2 - Dalgona;4;291;0;0;748.37;217.12;485.02;9.30;331.40;364.67;397.75;452.36;716.99;185.90;;;748.37;217.12;;;;;748.37;217.12;;;;;748.37;217.12;;;;;748.37;217.12
237;;Broke his honeycomb and eliminated Round 2;2 - Dalgona;4;292;0;0;718.24;279.25;473.39;149.01;422.68;478.73;433.54;382.06;694.22;281.65;;;718.24;279.25;;;;;718.24;279.25;;;;;718.24;279.25;;;;;718.24;279.25
242;;Failed to finished his honeycomb in time and eliminated Round 2;2 - Dalgona;4;293;0;0;635.03;270.23;335.93;-4.39;445.98;336.02;413.53;428.13;734.40;194.77;;;635.03;270.23;;;;;635.03;270.23;;;;;635.03;270.23;;;;;635.03;270.23
247;;Failed to finished his honeycomb on time and eliminated Round 2;2 - Dalgona;4;294;0;0;645.02;199.24;410.57;129.99;378.90;332.72;471.15;375.98;668.24;267.50;;;645.02;199.24;;;;;645.02;199.24;;;;;645.02;199.24;;;;;645.02;199.24
302;;Failed to finished his honeycomb on time and eliminated Round 2;2 - Dalgona;4;295;0;0;651.14;304.69;320.95;46.99;389.38;400.26;365.99;422.29;607.21;267.54;;;651.14;304.69;;;;;651.14;304.69;;;;;651.14;304.69;;;;;651.14;304.69
311;;Failed to finished his honeycomb on time and eliminated Round 2;2 - Dalgona;4;296;0;0;655.77;198.19;483.97;88.70;369.84;409.51;408.65;360.33;697.52;262.55;;;655.77;198.19;;;;;655.77;198.19;;;;;655.77;198.19;;;;;655.77;198.19
332;;Failed to finished his honeycomb in time and eliminated Round 2;2 - Dalgona;4;297;0;0;699.47;284.19;420.41;32.77;380.37;321.85;446.16;367.86;662.20;164.44;;;699.47;284.19;;;;;699.47;284.19;;;;;699.47;284.19;;;;;699.47;284.19
335;;Broke her honeycomb and eliminated Round 2;2 - Dalgona;4;298;0;0;666.60;196.49;498.55;130.42;427.04;333.24;421.62;436.28;631.07;170.23;;;666.60;196.49;;;;;666.60;196.49;;;;;666.60;196.49;;;;;666.60;196.49
336;;Broke his honeycomb and eliminated Round 2;2 - Dalgona;4;299;0;0;601.59;222.53;436.97;6.72;427.74;391.90;408.05;409.93;714.91;253.48;;;601.59;222.53;;;;;601.59;222.53;;;;;601.59;222.53;;;;;601.59;222.53
338;;Broke his honeycomb and eliminated Round 2;2 - Dalgona;4;300;0;0;694.80;206.58;442.42;102.78;466.09;449.78;470.97;430.41;731.18;294.28;;;694.80;206.58;;;;;694.80;206.58;;;;;694.80;206.58;;;;;694.80;206.58
351;;Eliminated Round 2;2 - Dalgona;4;301;0;0;639.01;190.12;409.61;-1.07;365.84;463.67;427.57;329.73;639.89;268.36;;;639.01;190.12;;;;;639.01;190.12;;;;;639.01;190.12;;;;;639.01;190.12
352;;Eliminated Round 2;2 - Dalgona;4;302;0;0;751.19;258.64;390.20;166.85;327.18;403.75;371.37;440.46;693.34;169.01;;;751.19;258.64;;;;;751.19;258.64;;;;;751.19;258.64;;;;;751.19;258.64
353;;Broke his honeycomb and eliminated Round 2;2 - Dalgona;4;303;0;0;751.93;227.64;330.57;165.58;478.93;398.54;435.77;371.34;667.92;237.14;;;751.93;227.64;;;;;751.93;227.64;;;;;751.93;227.64;;;;;751.93;227.64
354;;Eliminated Round 2;2 - Dalgona;4;304;0;0;716.23;239.70;380.83;131.39;434.38;350.78;353.29;396.14;703.42;312.87;;;716.23;239.70;;;;;716.23;239.70;;;;;716.23;239.70;;;;;716.23;239.70
358;;Eliminated Round 2;2 - Dalgona;4;305;0;0;748.30;246.51;450.51;-27.65;328.13;383.89;318.46;414.26;704.31;234.12;;;748.30;246.51;;;;;748.30;246.51;;;;;748.30;246.51;;;;;748.30;246.51
363;;Eliminated Round 2;2 - Dalgona;4;306;0;0;652.88;160.34;499.81;63.02;334.79;354.23;442.26;429.00;688.81;179.00;;;652.88;160.34;;;;;652.88;160.34;;;;;652.88;160.34;;;;;652.88;160.34
367;;Failed to finished her honeycomb on time and eliminated Round 2;2 - Dalgona;4;307;0;0;689.89;323.60;362.70;71.46;443.79;467.20;470.50;389.92;727.93;184.98;;;689.89;323.60;;;;;689.89;323.60;;;;;689.89;323.60;;;;;689.89;323.60
371;;Broke his honeycomb and eliminated Round 2;2 - Dalgona;4;308;0;0;669.15;297.60;461.22;67.35;432.97;473.46;347.69;457.18;636.70;298.80;;;669.15;297.60;;;;;669.15;297.60;;;;;669.15;297.60;;;;;669.15;297.60
373;;Eliminated Round 2;2 - Dalgona;4;309;0;0;626.12;263.72;455.52;154.42;366.73;452.83;441.55;389.38;642.84;170.06;;;626.12;263.72;;;;;626.12;263.72;;;;;626.12;263.72;;;;;626.12;263.72
375;;Broke his honeycomb and eliminated Round 2;2 - Dalgona;4;310;0;0;677.67;196.06;484.78;-2.09;467.63;417.10;390.41;321.26;673.52;189.62;;;677.67;196.06;;;;;677.67;196.06;;;;;677.67;196.06;;;;;677.67;196.06
376;;Eliminated Round 2;2 - Dalgona;4;311;0;0;659.19;169.27;356.73;112.59;403.26;477.87;421.83;343.21;725.85;253.13;;;659.19;169.27;;;;;659.19;169.27;;;;;659.19;169.27;;;;;659.19;169.27
377;;Eliminated Round 2;2 - Dalgona;4;312;0;0;701.33;198.16;313.20;89.92;376.30;343.31;343.20;356.20;747.82;252.63;;;701.33;198.16;;;;;701.33;198.16;;;;;701.33;198.16;;;;;701.33;198.16
378;;Eliminated Round 2;2 - Dalgona;4;313;0;0;671.13;311.91;374.92;114.86;444.44;456.28;473.72;419.25;695.19;187.94;;;671.13;311.91;;;;;671.13;311.91;;;;;671.13;311.91;;;;;671.13;311.91
379;;Eliminated Round 2;2 - Dalgona;4;314;0;0;731.09;292.64;437.89;53.47;409.38;320.14;432.18;339.73;684.78;227.62;;;731.09;292.64;;;;;731.09;292.64;;;;;731.09;292.64;;;;;731.09;292.64
380;;Eliminated Round 2;2 - Dalgona;4;315;0;0;598.32;239.83;412.59;93.86;370.20;325.98;431.75;432.16;602.63;219.66;;;598.32;239.83;;;;;598.32;239.83;;;;;598.32;239.83;;;;;598.32;239.83
381;;Eliminated Round 2;2 - Dalgona;4;316;0;0;741.25;196.29;354.00;134.70;355.62;468.07;358.80;367.16;640.58;227.09;;;741.25;196.29;;;;;741.25;196.29;;;;;741.25;196.29;;;;;741.25;196.29
383;;Eliminated Round 2;2 - Dalgona;4;317;0;0;744.98;206.63;447.62;162.24;423.53;467.81;420.75;396.16;725.99;233.87;;;744.98;206.63;;;;;744.98;206.63;;;;;744.98;206.63;;;;;744.98;206.63
385;;Eliminated Round 2;2 - Dalgona;4;318;0;0;672.48;205.59;458.56;-20.16;426.12;424.23;418.94;446.90;712.53;195.77;;;672.48;205.59;;;;;672.48;205.59;;;;;672.48;205.59;;;;;672.48;205.59
386;;Eliminated Round 2;2 - Dalgona;4;319;0;0;709.19;218.93;378.92;83.87;455.96;348.85;362.14;329.16;629.67;248.75;;;709.19;218.93;;;;;709.19;218.93;;;;;709.19;218.93;;;;;709.19;218.93
387;;Eliminated Round 2;2 - Dalgona;4;320;0;0;741.00;254.71;344.82;2.09;456.37;425.95;346.10;387.87;695.92;207.52;;;741.00;254.71;;;;;741.00;254.71;;;;;741.00;254.71;;;;;741.00;254.71
388;;Eliminated Round 2;2 - Dalgona;4;321;0;0;655.49;314.74;507.08;110.85;410.65;369.14;344.91;337.31;672.70;246.89;;;655.49;314.74;;;;;655.49;314.74;;;;;655.49;314.74;;;;;655.49;314.74
390;;Broke her honeycomb and eliminated Round 2;2 - Dalgona;4;322;0;0;620.99;182.31;373.10;4.33;465.65;354.05;396.69;473.92;723.06;273.88;;;620.99;182.31;;;;;620.99;182.31;;;;;620.99;182.31;;;;;620.99;182.31
391;;Eliminated Round 2;2 - Dalgona;4;323;0;0;607.18;261.87;347.89;106.29;317.19;383.53;476.18;408.23;612.92;257.98;;;607.18;261.87;;;;;607.18;261.87;;;;;607.18;261.87;;;;;607.18;261.87
392;;Eliminated Round 2;2 - Dalgona;4;324;0;0;737.61;244.24;355.25;123.62;322.21;418.38;381.68;398.30;681.70;309.02;;;737.61;244.24;;;;;737.61;244.24;;;;;737.61;244.24;;;;;737.61;244.24
394;;Eliminated Round 2;2 - Dalgona;4;325;0;0;733.61;262.91;331.22;42.97;349.00;405.46;455.69;339.62;608.02;210.10;;;733.61;262.91;;;;;733.61;262.91;;;;;733.61;262.91;;;;;733.61;262.91
395;;Eliminated Round 2;2 - Dalgona;4;326;0;0;611.60;217.97;472.62;41.76;394.12;471.77;473.43;365.22;709.84;243.76;;;611.60;217.97;;;;;611.60;217.97;;;;;611.60;217.97;;;;;611.60;217.97
397;;Broke her honeycomb and eliminated Round 2;2 - Dalgona;4;327;0;0;694.52;263.33;386.96;90.79;347.14;344.42;445.27;343.12;744.97;273.31;;;694.52;263.33;;;;;694.52;263.33;;;;;694.52;263.33;;;;;694.52;263.33
401;;Broke his honeycomb and eliminated Round 2;2 - Dalgona;4;328;0;0;690.16;312.76;440.91;63.80;379.18;415.83;358.18;414.68;740.68;204.37;;;690.16;312.76;;;;;690.16;312.76;;;;;690.16;312.76;;;;;690.16;312.76
402;;Broke her honeycomb and eliminated Round 2;2 - Dalgona;4;329;0;0;613.39;206.47;336.08;61.19;357.48;340.78;420.56;464.86;689.10;300.94;;;613.39;206.47;;;;;613.39;206.47;;;;;613.39;206.47;;;;;613.39;206.47
406;;Eliminated Round 2;2 - Dalgona;4;330;0;0;636.07;292.17;410.21;57.97;399.24;324.38;356.74;385.68;721.57;175.97;;;636.07;292.17;;;;;636.07;292.17;;;;;636.07;292.17;;;;;636.07;292.17
412;;Failed to finish honeycomb in time and eliminated Round 2;2 - Dalgona;4;331;0;0;730.35;252.44;465.05;0.56;345.70;456.80;379.41;321.12;640.54;249.13;;;730.35;252.44;;;;;730.35;252.44;;;;;730.35;252.44;;;;;730.35;252.44
417;;Failed to finished his honeycomb on time and eliminated Round 2;2 - Dalgona;4;332;0;0;689.17;280.93;364.33;60.75;326.48;438.92;331.54;440.84;682.37;169.64;;;689.17;280.93;;;;;689.17;280.93;;;;;689.17;280.93;;;;;689.17;280.93
418;;Failed to finished his honeycomb on time and eliminated Round 2;2 - Dalgona;4;333;0;0;633.45;281.11;427.78;157.00;371.94;376.72;463.00;368.59;619.08;229.39;;;633.45;281.11;;;;;633.45;281.11;;;;;633.45;281.11;;;;;633.45;281.11
420;;Failed to finished his honeycomb on time and eliminated Round 2;2 - Dalgona;4;334;0;0;672.15;169.16;406.14;121.12;345.75;355.27;360.84;404.10;746.99;214.01;;;672.15;169.16;;;;;672.15;169.16;;;;;672.15;169.16;;;;;672.15;169.16
421;;Failed to finished his honeycomb on time and eliminated Round 2;2 - Dalgona;4;335;0;0;723.54;231.49;318.31;129.80;444.66;445.30;368.72;411.73;597.12;229.13;;;723.54;231.49;;;;;723.54;231.49;;;;;723.54;231.49;;;;;723.54;231.49
422;;Failed to finished their honeycomb on time and eliminated Round 2;2 - Dalgona;4;336;0;0;719.63;249.99;444.85;151.86;476.04;387.27;355.65;464.77;742.59;242.97;;;719.63;249.99;;;;;719.63;249.99;;;;;719.63;249.99;;;;;719.63;249.99
423;;Failed to finished his honeycomb on time and eliminated Round 2;2 - Dalgona;4;337;0;0;739.18;284.83;329.87;103.59;418.31;326.55;358.24;454.08;640.76;208.58;;;739.18;284.83;;;;;739.18;284.83;;;;;739.18;284.83;;;;;739.18;284.83
424;;Failed to finished his honeycomb on time and eliminated Round 2;2 - Dalgona;4;338;0;0;643.64;180.29;450.38;95.03;434.70;440.72;453.43;456.48;747.87;233.30;;;643.64;180.29;;;;;643.64;180.29;;;;;643.64;180.29;;;;;643.64;180.29
437;;;2 - Dalgona;4;339;0;0;690.53;302.02;374.06;157.03;384.78;349.95;366.19;461.71;613.49;238.80;;;690.53;302.02;;;;;690.53;302.02;;;;;690.53;302.02;;;;;690.53;302.02
438;;;2 - Dalgona;4;340;0;0;737.64;214.74;349.63;95.87;332.53;394.13;463.23;422.56;690.24;198.23;;;737.64;214.74;;;;;737.64;214.74;;;;;737.64;214.74;;;;;737.64;214.74
439;;;2 - Dalgona;4;341;0;0;697.90;170.38;453.52;-2.02;446.24;412.91;436.80;453.28;683.37;280.13;;;697.90;170.38;;;;;697.90;170.38;;;;;697.90;170.38;;;;;697.90;170.38
442;;;2 - Dalgona;4;342;0;0;616.05;195.13;437.12;81.63;455.34;447.65;400.19;402.70;678.46;298.58;;;616.05;195.13;;;;;616.05;195.13;;;;;616.05;195.13;;;;;616.05;195.13
445;;Broke his honeycomb and eliminated Round 2;2 - Dalgona;4;343;0;0;680.75;223.22;354.35;26.30;418.63;386.22;446.66;354.00;613.56;219.72;;;680.75;223.22;;;;;680.75;223.22;;;;;680.75;223.22;;;;;680.75;223.22
446;;Broke her honeycomb and eliminated Round 2;2 - Dalgona;4;344;0;0;704.07;179.45;497.04;74.95;467.06;428.03;460.43;433.56;636.08;179.95;;;704.07;179.45;;;;;704.07;179.45;;;;;704.07;179.45;;;;;704.07;179.45
448;;Broke his honeycomb and eliminated Round 2;2 - Dalgona;4;345;0;0;614.94;279.19;335.33;21.49;366.12;347.52;376.76;458.61;714.14;214.86;;;614.94;279.19;;;;;614.94;279.19;;;;;614.94;279.19;;;;;614.94;279.19
449;;;2 - Dalgona;4;346;0;0;680.43;317.70;318.51;7.89;359.07;329.89;321.40;403.67;699.72;178.00;;;680.43;317.70;;;;;680.43;317.70;;;;;680.43;317.70;;;;;680.43;317.70
452;;Broke her honeycomb and eliminated Round 2;2 - Dalgona;4;347;0;0;619.03;235.67;447.52;7.29;478.56;409.54;366.80;339.14;624.46;198.95;;;619.03;235.67;;;;;619.03;235.67;;;;;619.03;235.67;;;;;619.03;235.67
6;Choi Woo-seong;Eliminated during Special Game;2b - special;6;348;0;0;415.13;353.95;306.21;136.27;394.99;460.84;464.18;458.51;663.43;314.63;;;335.95;426.56;;;;;415.13;353.95;;;;;415.13;353.95;;;;;415.13;353.95
49;;Eliminated during Special Game;2b - special;6;349;0;0;440.73;439.14;401.25;64.32;342.33;365.68;454.24;375.18;721.76;304.98;;;385.31;355.85;;;;;440.73;439.14;;;;;440.73;439.14;;;;;440.73;439.14
51;;Eliminated during Special Game;2b - special;6;350;0;0;373.08;381.17;410.95;27.10;397.96;417.28;392.02;395.28;653.48;283.39;;;388.27;456.01;;;;;373.08;381.17;;;;;373.08;381.17;;;;;373.08;381.17
74;;Eliminated by Player 211 during Special Game;2b - special;6;351;0;0;448.51;353.83;449.76;133.87;424.38;456.91;344.90;427.98;633.15;288.41;;;413.90;415.03;;;;;448.51;353.83;;;;;448.51;353.83;;;;;448.51;353.83
80;;Eliminated during Special Game;2b - special;6;352;0;0;351.92;426.49;354.73;145.45;423.04;365.46;399.65;340.95;647.67;299.46;;;430.21;388.95;;;;;351.92;426.49;;;;;351.92;426.49;;;;;351.92;426.49
87;;Eliminated during Special Game;2b - special;6;353;0;0;406.13;430.78;451.29;37.02;378.43;426.71;376.55;419.23;645.83;236.28;;;422.60;371.88;;;;;406.13;430.78;;;;;406.13;430.78;;;;;406.13;430.78
95;;Eliminated during Special Game;2b - special;6;354;0;0;416.19;426.59;414.64;-10.99;427.15;402.67;332.36;357.91;733.98;273.50;;;366.82;432.45;;;;;416.19;426.59;;;;;416.19;426.59;;;;;416.19;426.59
103;;Eliminated during Special Game;2b - special;6;355;0;0;459.32;387.11;330.81;92.97;385.90;454.61;410.98;438.77;601.98;257.87;;;384.92;428.77;;;;;459.32;387.11;;;;;459.32;387.11;;;;;459.32;387.11
131;;Eliminated during Special Game;2b - special;6;356;0;0;356.47;356.97;352.54;156.23;379.81;405.04;443.81;461.76;688.17;242.93;;;463.31;412.87;;;;;356.47;356.97;;;;;356.47;356.97;;;;;356.47;356.97
198;;Eliminated by Player 101 during Special Game;2b - special;6;357;0;0;372.05;392.12;448.40;55.57;390.54;317.70;339.70;449.31;736.83;252.92;;;361.86;409.51;;;;;372.05;392.12;;;;;372.05;392.12;;;;;372.05;392.12
206;;Eliminated during Special Game;2b - special;6;358;0;0;403.70;445.21;346.80;57.67;367.72;336.68;368.82;451.02;630.08;189.51;;;346.88;366.09;;;;;403.70;445.21;;;;;403.70;445.21;;;;;403.70;445.21
211;;Eliminated during Special Game;2b - special;6;359;0;0;433.28;431.08;471.22;63.29;463.52;373.94;440.91;333.03;649.63;161.33;;;426.36;441.21;;;;;433.28;431.08;;;;;433.28;431.08;;;;;433.28;431.08
222;;Eliminated during Special Game;2b - special;6;360;0;0;360.60;433.23;401.03;166.70;359.56;424.59;381.87;437.46;653.75;171.46;;;442.65;363.15;;;;;360.60;433.23;;;;;360.60;433.23;;;;;360.60;433.23
224;;Eliminated during Special Game;2b - special;6;361;0;0;453.80;423.26;426.30;7.26;334.70;375.11;399.12;463.15;736.05;214.32;;;415.78;443.86;;;;;453.80;423.26;;;;;453.80;423.26;;;;;453.80;423.26
233;;Eliminated during Special Game;2b - special;6;362;0;0;359.07;444.15;416.14;119.45;468.11;438.99;412.88;388.87;619.04;210.16;;;341.47;402.06;;;;;359.07;444.15;;;;;359.07;444.15;;;;;359.07;444.15
239;;Eliminated during Special Game;2b - special;6;363;0;0;355.55;367.93;417.15;157.30;436.41;408.40;324.74;392.72;645.67;258.97;;;452.51;373.82;;;;;355.55;367.93;;;;;355.55;367.93;;;;;355.55;367.93
271;;Eliminated by Player 101;2b - special;6;364;0;0;345.48;372.30;384.82;101.19;417.45;407.60;404.96;481.16;742.08;223.85;;;370.23;444.46;;;;;345.48;372.30;;;;;345.48;372.30;;;;;345.48;372.30
277;;Eliminated during Special Game;2b - special;6;365;0;0;392.99;447.48;476.85;16.69;477.51;431.50;440.11;472.12;731.66;243.24;;;394.41;447.06;;;;;392.99;447.48;;;;;392.99;447.48;;;;;392.99;447.48
301;;Eliminated during Special Game;2b - special;6;366;0;0;395.20;363.91;471.11;101.85;416.27;429.35;451.96;386.02;714.34;314.13;;;376.10;350.03;;;;;395.20;363.91;;;;;395.20;363.91;;;;;395.20;363.91
328;;Eliminated by Player 224 during Special Game;2b - special;6;367;0;0;420.62;394.01;372.99;-28.24;374.75;354.20;402.43;392.21;736.88;233.56;;;404.82;359.46;;;;;420.62;394.01;;;;;420.62;394.01;;;;;420.62;394.01
349;;Eliminated during Special Game;2b - special;6;368;0;0;342.93;394.13;417.16;138.78;389.05;328.58;332.01;400.97;693.11;252.76;;;417.92;404.45;;;;;342.93;394.13;;;;;342.93;394.13;;;;;342.93;394.13
361;;Eliminated during Special Game;2b - special;6;369;0;0;411.10;453.34;392.32;15.19;405.14;352.67;447.34;407.57;704.00;253.42;;;423.99;412.36;;;;;411.10;453.34;;;;;411.10;453.34;;;;;411.10;453.34
416;;Eliminated during Special Game;2b - special;6;370;0;0;388.45;417.39;352.85;75.46;358.53;435.38;355.85;338.25;647.09;180.23;;;423.28;451.71;;;;;388.45;417.39;;;;;388.45;417.39;;;;;388.45;417.39
444;;Eliminated during Special Game;2b - special;6;371;0;0;431.63;378.55;425.71;-11.48;433.30;361.61;407.31;470.40;613.59;200.61;;;400.93;455.86;;;;;431.63;378.55;;;;;431.63;378.55;;;;;431.63;378.55
450;;;2b - special;6;372;0;0;364.27;349.21;406.15;157.17;457.32;436.83;428.79;403.39;657.48;218.08;;;412.21;454.20;;;;;364.27;349.21;;;;;364.27;349.21;;;;;364.27;349.21
451;;;2b - special;6;373;0;0;384.04;345.15;375.21;46.58;356.69;457.19;393.18;351.03;716.01;284.01;;;364.22;378.70;;;;;384.04;345.15;;;;;384.04;345.15;;;;;384.04;345.15
19;;Part of Team 5; eliminated in Round 4 after losing to Team 4;3 - Tug of War;7;374;0;0;680.38;605.74;296.73;75.94;443.29;366.40;389.87;444.95;692.54;311.30;;;405.17;445.91;;;;;680.38;605.74;;;;;680.38;605.74;;;;;680.38;605.74
27;;Part of Team 7; eliminated in Round 3 after losing to Team 1;3 - Tug of War;7;375;0;0;681.71;568.48;314.06;150.99;417.93;396.80;326.29;422.19;720.19;224.48;;;350.55;381.05;;;;;681.71;568.48;;;;;681.71;568.48;;;;;681.71;568.48
37;;Part of Team 7; eliminated in Round 3 after losing to Team 1;3 - Tug of War;7;376;0;0;666.71;559.11;395.82;139.06;436.81;397.57;378.11;469.53;668.38;199.18;;;433.56;356.37;;;;;666.71;559.11;;;;;666.71;559.11;;;;;666.71;559.11
55;;Eliminated in Tug of War;3 - Tug of War;7;377;0;0;682.53;550.35;357.40;44.46;402.00;363.21;373.75;389.41;712.16;273.79;;;418.46;433.57;;;;;682.53;550.35;;;;;682.53;550.35;;;;;682.53;550.35
58;;Part of Team 7; eliminated in Round 3 after losing to Team 1;3 - Tug of War;7;378;0;0;656.52;559.05;484.84;117.70;433.82;462.55;431.25;392.77;646.51;199.28;;;341.65;387.46;;;;;656.52;559.05;;;;;656.52;559.05;;;;;656.52;559.05
59;;Eliminated in Tug of War;3 - Tug of War;7;379;0;0;640.44;549.22;437.80;120.35;416.86;337.41;386.64;377.21;661.55;179.10;;;395.82;353.15;;;;;640.44;549.22;;;;;640.44;549.22;;;;;640.44;549.22
60;;Eliminated in Tug of War;3 - Tug of War;7;380;0;0;651.00;550.01;434.62;71.70;364.97;474.57;338.56;346.30;617.05;278.49;;;380.74;448.02;;;;;651.00;550.01;;;;;651.00;550.01;;;;;651.00;550.01
63;;Part of Team 5; eliminated in Round 4 after losing to Team 4;3 - Tug of War;7;381;0;0;705.77;534.32;416.66;76.77;448.71;357.02;388.66;466.37;618.79;248.44;;;385.94;345.02;;;;;705.77;534.32;;;;;705.77;534.32;;;;;705.77;534.32
88;;Eliminated in Tug of War;3 - Tug of War;7;382;0;0;657.09;603.33;346.65;117.14;478.03;420.51;439.33;439.75;730.17;263.22;;;410.18;397.31;;;;;657.09;603.33;;;;;657.09;603.33;;;;;657.09;603.33
105;;Eliminated in Tug of War;3 - Tug of War;7;383;0;0;673.29;532.31;344.84;68.11;413.30;472.96;342.71;398.35;684.97;208.18;;;421.38;422.59;;;;;673.29;532.31;;;;;673.29;532.31;;;;;673.29;532.31
109;;Eliminated in Tug of War;3 - Tug of War;7;384;0;0;697.12;559.98;428.04;51.69;383.42;360.99;415.86;417.40;656.97;236.66;;;395.02;364.06;;;;;697.12;559.98;;;;;697.12;559.98;;;;;697.12;559.98
110;;Eliminated in Tug of War;3 - Tug of War;7;385;0;0;692.59;551.43;430.34;89.23;458.36;362.23;408.21;449.39;667.71;296.31;;;373.97;371.73;;;;;692.59;551.43;;;;;692.59;551.43;;;;;692.59;551.43
120;;Part of Team 7; eliminated in Round 3 after losing to Team 1;3 - Tug of War;7;386;0;0;694.74;532.63;479.21;27.43;368.57;431.14;394.52;384.63;710.86;303.77;;;383.56;376.81;;;;;694.74;532.63;;;;;694.74;532.63;;;;;694.74;532.63
132;;Eliminated in Tug of War;3 - Tug of War;7;387;0;0;717.40;582.46;466.85;112.88;367.51;441.96;417.13;367.33;646.34;218.00;;;436.37;445.66;;;;;717.40;582.46;;;;;717.40;582.46;;;;;717.40;582.46
146;;Eliminated in Tug of War;3 - Tug of War;7;388;0;0;669.63;605.24;432.01;16.38;452.83;371.73;384.07;331.05;725.07;214.60;;;423.64;361.04;;;;;669.63;605.24;;;;;669.63;605.24;;;;;669.63;605.24
156;;Part of Team 5; eliminated in Round 4 after losing to Team 4;3 - Tug of War;7;389;0;0;706.29;601.07;383.37;30.38;396.63;439.03;415.14;378.14;752.00;262.78;;;382.52;417.81;;;;;706.29;601.07;;;;;706.29;601.07;;;;;706.29;601.07
184;;Part of Team 5; eliminated in Round 4 after losing to Team 4;3 - Tug of War;7;390;0;0;685.89;596.56;426.87;117.69;419.11;375.37;467.80;441.72;673.97;208.61;;;451.35;384.68;;;;;685.89;596.56;;;;;685.89;596.56;;;;;685.89;596.56
194;;Part of Team 5; eliminated in Round 4 after losing to Team 4;3 - Tug of War;7;391;0;0;629.88;548.94;424.15;69.33;437.42;386.67;416.91;475.74;639.28;279.23;;;363.94;422.04;;;;;629.88;548.94;;;;;629.88;548.94;;;;;629.88;548.94
204;;Eliminated in Tug of War;3 - Tug of War;7;392;0;0;667.70;540.96;469.57;73.95;348.77;424.04;425.45;374.76;709.35;292.95;;;359.97;440.73;;;;;667.70;540.96;;;;;667.70;540.96;;;;;667.70;540.96
226;;Eliminated in Tug of War;3 - Tug of War;7;393;0;0;714.98;553.79;434.78;110.38;346.39;445.86;349.53;347.26;662.68;190.02;;;438.27;434.98;;;;;714.98;553.79;;;;;714.98;553.79;;;;;714.98;553.79
231;;Eliminated in Tug of War;3 - Tug of War;7;394;0;0;711.28;543.73;474.50;52.94;327.54;427.99;468.17;400.68;720.22;294.12;;;387.25;439.15;;;;;711.28;543.73;;;;;711.28;543.73;;;;;711.28;543.73
234;;Eliminated in Tug of War;3 - Tug of War;7;395;0;0;683.53;532.48;392.76;119.25;369.93;398.60;339.63;408.93;650.74;310.00;;;346.53;424.68;;;;;683.53;532.48;;;;;683.53;532.48;;;;;683.53;532.48
241;;Part of Team 7; eliminated in Round 3 after losing to Team 1;3 - Tug of War;7;396;0;0;646.31;540.57;366.14;108.62;345.52;376.19;465.25;357.85;679.27;198.86;;;403.19;416.71;;;;;646.31;540.57;;;;;646.31;540.57;;;;;646.31;540.57
243;;Part of Team 7; eliminated in Round 3 after losing to Team 1;3 - Tug of War;7;397;0;0;691.29;605.63;316.44;140.25;356.40;377.27;375.94;358.72;708.27;263.43;;;349.34;437.68;;;;;691.29;605.63;;;;;691.29;605.63;;;;;691.29;605.63
245;;Part of Team 7; eliminated in Round 3 after losing to Team 1;3 - Tug of War;7;398;0;0;666.09;577.10;353.74;-5.79;464.91;384.81;465.73;411.68;679.59;270.10;;;372.57;455.14;;;;;666.09;577.10;;;;;666.09;577.10;;;;;666.09;577.10
273;;Part of Team 7; eliminated in Round 3 after losing to Team 1;3 - Tug of War;7;399;0;0;683.76;513.73;447.41;83.78;405.81;445.08;337.00;367.86;677.95;179.73;;;437.66;396.21;;;;;683.76;513.73;;;;;683.76;513.73;;;;;683.76;513.73
279;;Eliminated in Tug of War;3 - Tug of War;7;400;0;0;710.88;525.15;298.35;124.79;339.03;385.27;341.52;377.89;618.22;267.56;;;446.20;427.61;;;;;710.88;525.15;;;;;710.88;525.15;;;;;710.88;525.15
314;;Part of Team 5; eliminated in Round 4 after losing to Team 4;3 - Tug of War;7;401;0;0;629.25;567.84;411.14;16.26;395.80;449.93;377.73;340.09;679.52;218.08;;;375.06;360.88;;;;;629.25;567.84;;;;;629.25;567.84;;;;;629.25;567.84
315;;Part of Team 5; eliminated in Round 4 after losing to Team 4;3 - Tug of War;7;402;0;0;712.38;591.92;296.88;89.94;337.80;424.03;330.80;380.17;674.38;162.09;;;392.09;421.56;;;;;712.38;591.92;;;;;712.38;591.92;;;;;712.38;591.92
327;;Part of Team 7; eliminated in Round 3 after losing to Team 1;3 - Tug of War;7;403;0;0;667.97;523.49;305.11;97.27;474.17;376.44;423.95;424.82;662.86;227.56;;;400.47;427.25;;;;;667.97;523.49;;;;;667.97;523.49;;;;;667.97;523.49
330;;Eliminated in Tug of War;3 - Tug of War;7;404;0;0;689.19;523.66;460.38;136.46;385.04;465.57;427.64;473.29;720.68;243.52;;;355.89;359.76;;;;;689.19;523.66;;;;;689.19;523.66;;;;;689.19;523.66
364;;Eliminated in Tug of War;3 - Tug of War;7;405;0;0;703.31;550.91;410.27;37.65;396.35;346.09;423.24;385.46;753.53;242.72;;;368.92;391.89;;;;;703.31;550.91;;;;;703.31;550.91;;;;;703.31;550.91
365;;Eliminated in Tug of War;3 - Tug of War;7;406;0;0;664.66;596.09;396.38;85.77;393.33;356.61;347.76;366.03;685.11;319.41;;;366.10;354.67;;;;;664.66;596.09;;;;;664.66;596.09;;;;;664.66;596.09
374;;Eliminated in Tug of War;3 - Tug of War;7;407;0;0;670.61;586.35;420.62;-1.80;354.29;396.03;386.14;477.08;602.52;238.66;;;414.68;354.81;;;;;670.61;586.35;;;;;670.61;586.35;;;;;670.61;586.35
396;;Part of Team 5; eliminated in Round 4 after losing to Team 4;3 - Tug of War;7;408;0;0;694.66;514.15;431.45;127.85;357.39;446.22;392.51;434.32;673.83;227.74;;;343.90;413.58;;;;;694.66;514.15;;;;;694.66;514.15;;;;;694.66;514.15
403;;Eliminated in Tug of War;3 - Tug of War;7;409;0;0;722.28;546.49;420.48;128.86;415.33;348.27;354.20;357.22;698.63;224.85;;;457.17;427.34;;;;;722.28;546.49;;;;;722.28;546.49;;;;;722.28;546.49
404;;Eliminated in Tug of War;3 - Tug of War;7;410;0;0;648.59;596.66;415.56;104.06;468.11;406.13;462.38;382.57;623.79;258.14;;;354.42;416.91;;;;;648.59;596.66;;;;;648.59;596.66;;;;;648.59;596.66
408;;Part of Team 7; eliminated in Round 3 after losing to Team 1;3 - Tug of War;7;411;0;0;639.97;586.99;384.94;157.28;376.83;448.40;373.10;330.12;699.93;302.51;;;365.27;365.60;;;;;639.97;586.99;;;;;639.97;586.99;;;;;639.97;586.99
410;;Part of Team 5; eliminated in Round 4 after losing to Team 4;3 - Tug of War;7;412;0;0;678.42;523.45;462.04;38.90;444.54;346.86;347.61;417.35;664.60;285.89;;;393.73;383.96;;;;;678.42;523.45;;;;;678.42;523.45;;;;;678.42;523.45
447;;Part of Team 5; eliminated in Round 4 after losing to Team 4;3 - Tug of War;7;413;0;0;645.17;577.38;317.51;118.89;399.65;384.69;326.29;370.16;718.84;204.87;;;405.69;348.47;;;;;645.17;577.38;;;;;645.17;577.38;;;;;645.17;577.38
81;;Eliminated between Round 3 and 4 for cheating;3 and 4 - between;9;414;0;0;430.46;389.44;432.49;99.62;399.01;395.56;363.38;432.88;630.09;229.64;;;413.68;365.76;;;;;380.93;385.89;;;;;430.46;389.44;;;;;430.46;389.44
111;Byeong-gi;Eliminated between Round 3 and 4 for cheating;3 and 4 - between;9;415;0;0;395.93;410.25;451.70;66.07;424.22;354.74;350.33;446.48;649.77;273.09;;;341.21;375.51;;;;;415.85;383.16;;;;;395.93;410.25;;;;;395.93;410.25
413;;Eliminated between Round 3 and 4 for cheating;3 and 4 - between;9;416;0;0;445.36;394.84;480.89;140.96;371.40;387.72;437.95;360.59;698.39;291.62;;;383.47;387.09;;;;;431.09;391.90;;;;;445.36;394.84;;;;;445.36;394.84
1;Oh Il-nam;Eliminated after losing to 456 in Round 4;4 - Marbles;10;417;0;0;407.30;688.85;368.14;166.23;409.62;380.03;443.80;378.66;686.77;261.52;;;349.66;394.76;;;;;391.51;427.08;;;;;407.30;688.85;;;;;407.30;688.85
2;;Eliminated after losing to 360 in Round 4;4 - Marbles;10;418;0;0;411.92;710.07;452.47;105.83;354.58;414.80;371.57;401.22;663.00;208.76;;;391.25;393.41;;;;;408.47;395.30;;;;;411.92;710.07;;;;;411.92;710.07
28;;Eliminated after losing to 322 in Round 4;4 - Marbles;10;419;0;0;408.98;738.47;373.70;139.28;400.60;373.83;335.43;390.14;703.29;215.52;;;459.46;396.39;;;;;386.29;368.45;;;;;408.98;738.47;;;;;408.98;738.47
32;;Eliminated with 083 in Round 4;4 - Marbles;10;420;0;0;416.85;731.32;425.56;167.88;407.10;423.39;436.83;410.82;701.22;272.66;;;356.57;429.39;;;;;380.40;416.87;;;;;416.85;731.32;;;;;416.85;731.32
40;;Eliminated after losing to 303 in Round 4;4 - Marbles;10;421;0;0;385.76;721.25;400.50;111.66;425.07;445.93;406.95;370.82;753.02;223.58;;;411.84;387.11;;;;;417.84;401.08;;;;;385.76;721.25;;;;;385.76;721.25
43;;Eliminated after losing to 407 in Round 4;4 - Marbles;10;422;0;0;430.52;705.83;436.48;-11.55;381.96;372.00;395.92;371.78;690.43;217.53;;;431.53;378.24;;;;;420.80;374.20;;;;;430.52;705.83;;;;;430.52;705.83
68;;Eliminated after losing to 151 in Round 4;4 - Marbles;10;423;0;0;375.37;718.00;442.49;-2.33;415.02;451.13;397.58;413.22;660.07;304.16;;;376.79;435.85;;;;;427.63;422.11;;;;;375.37;718.00;;;;;375.37;718.00
83;;Eliminated with 032 in Round 4;4 - Marbles;10;424;0;0;380.59;699.98;382.38;63.13;457.88;393.18;387.04;416.27;678.75;237.58;;;378.64;408.16;;;;;429.83;411.27;;;;;380.59;699.98;;;;;380.59;699.98
85;;Eliminated after losing to 453 in Round 4;4 - Marbles;10;425;0;0;422.40;713.18;417.21;49.80;428.01;381.29;389.54;405.68;657.64;265.40;;;384.48;366.42;;;;;423.84;384.76;;;;;422.40;713.18;;;;;422.40;713.18
89;;Eliminated after losing to 360 in Round 4;4 - Marbles;10;426;0;0;401.11;745.58;429.96;138.94;445.76;423.83;364.77;378.09;644.13;289.10;;;359.67;398.74;;;;;398.99;378.74;;;;;401.11;745.58;;;;;401.11;745.58
115;;Eliminated after losing to 360 in Round 4;4 - Marbles;10;427;0;0;380.20;739.13;512.31;89.70;408.87;390.94;380.44;368.73;715.02;234.08;;;448.53;395.17;;;;;366.27;400.88;;;;;380.20;739.13;;;;;380.20;739.13
122;;Eliminated with 357 in Round 4;4 - Marbles;10;428;0;0;411.25;749.13;464.12;49.70;347.61;434.93;449.73;396.76;641.06;189.72;;;371.11;414.86;;;;;399.14;387.48;;;;;411.25;749.13;;;;;411.25;749.13
130;;Eliminated after losing to 062 in Round 4;4 - Marbles;10;429;0;0;417.76;692.02;372.29;125.40;397.40;428.14;334.13;430.16;671.00;306.68;;;454.79;406.25;;;;;410.69;420.14;;;;;417.76;692.02;;;;;417.76;692.02
158;;Eliminated after losing to 308 in Round 4;4 - Marbles;10;430;0;0;390.65;742.35;373.39;25.82;454.03;382.65;360.52;348.22;661.97;246.45;;;447.91;439.57;;;;;380.03;392.83;;;;;390.65;742.35;;;;;390.65;742.35
196;;Eliminated after losing to 244 in Round 4;4 - Marbles;10;431;0;0;406.66;727.99;392.43;36.61;456.94;415.00;384.23;387.82;676.03;260.13;;;441.62;374.07;;;;;419.69;418.73;;;;;406.66;727.99;;;;;406.66;727.99
199;Ali Abdul;Eliminated after being betrayed by 218;4 - Marbles;10;432;0;0;388.65;692.75;319.02;57.78;390.04;389.38;352.36;376.00;624.57;219.83;;;434.31;409.92;;;;;370.34;411.81;;;;;388.65;692.75;;;;;388.65;692.75
229;;Eliminated after losing to 096 in Round 4;4 - Marbles;10;433;0;0;424.77;723.85;324.84;75.68;369.59;420.29;350.41;406.72;669.98;172.17;;;374.70;425.26;;;;;372.03;422.04;;;;;424.77;723.85;;;;;424.77;723.85
240;Ji-yeong;Eliminated after voluntary losing to 067;4 - Marbles;10;434;0;0;367.22;725.20;328.71;126.43;338.08;405.00;397.81;360.95;624.42;239.09;;;387.19;402.81;;;;;409.05;388.75;;;;;367.22;725.20;;;;;367.22;725.20
278;;Eliminated after losing to 101 in Round 4;4 - Marbles;10;435;0;0;372.74;707.51;391.22;69.68;447.06;391.10;388.67;341.06;705.06;282.93;;;393.76;411.80;;;;;415.76;395.33;;;;;372.74;707.51;;;;;372.74;707.51
303;;Eliminated Round 4;4 - Marbles;10;436;0;0;391.04;703.21;390.45;129.61;435.75;419.12;426.45;414.17;665.77;256.52;;;428.12;401.31;;;;;392.08;412.85;;;;;391.04;703.21;;;;;391.04;703.21
357;;Eliminated with 122 in Round 4;4 - Marbles;10;437;0;0;398.66;735.16;406.76;73.57;416.88;418.39;403.01;431.32;699.09;243.65;;;398.17;401.67;;;;;401.86;427.57;;;;;398.66;735.16;;;;;398.66;735.16
414;;Eliminated after losing to 017 in Round 4;4 - Marbles;10;438;0;0;399.20;696.18;337.83;110.56;407.69;412.44;363.70;393.53;731.19;224.19;;;351.73;405.98;;;;;384.68;401.66;;;;;399.20;696.18;;;;;399.20;696.18
69;;Voluntarily eliminated himself between Round 4 and 5;4 and 5 - between;12;439;0;0;375.77;402.44;308.62;61.35;397.76;335.26;410.82;342.20;690.31;271.69;;;444.17;405.05;;;;;394.30;397.58;;;;;373.75;406.55;;;;;375.77;402.44
17;Do Jung-soo;Eliminated by 218 in Round 5;5 - Glass stepping stones;13;440;0;0;104.22;557.87;338.52;50.54;364.64;358.46;412.55;323.31;719.27;263.56;;;432.51;367.29;;;;;389.93;393.24;;;;;411.18;387.71;;;;;104.22;557.87
21;;Fell after being directed to wrong glass pane by 453 and eliminated Round 5;5 - Glass stepping stones;13;441;0;0;128.77;570.51;391.06;4.26;380.12;394.17;446.70;447.93;671.96;277.66;;;431.93;420.28;;;;;395.39;417.53;;;;;391.33;403.28;;;;;128.77;570.51
"62;;Sprinted across glass panes and broke one, falling to his death in Round 5;5 - Glass stepping stones;13;442;0;0;139.61;569.42;314.86;79.43;373.33;365.21;404.69;381.61;682.41;251.31;;;421.62;382.58;;;;;398.09;406.69;;;;;404.07;417.54;;;;;139.61;569.42"
96;;Jumped on wrong glass pane and eliminated Round 5;5 - Glass stepping stones;13;443;0;0;125.19;551.10;354.26;15.38;415.69;440.15;418.36;406.72;607.86;248.29;;;374.02;382.35;;;;;382.39;425.73;;;;;393.53;383.90;;;;;125.19;551.10
101;Jang Deok-su;Eliminated with 212 in Round 5;5 - Glass stepping stones;13;444;0;0;117.09;543.68;419.70;86.72;407.93;331.05;439.27;400.16;737.92;283.75;;;408.02;435.62;;;;;391.74;406.67;;;;;396.37;424.20;;;;;117.09;543.68
151;;Tried to fight 244 but was defeated and eliminated Round 5;5 - Glass stepping stones;13;445;0;0;112.33;565.06;486.51;78.13;387.45;432.92;375.74;378.68;701.09;197.08;;;369.62;402.68;;;;;381.79;410.98;;;;;383.88;408.88;;;;;112.33;565.06
212;Han Mi-nyeo;Voluntarily eliminated herself along with 101 in Round 5;5 - Glass stepping stones;13;446;0;0;118.44;574.27;392.24;47.61;388.75;411.12;425.99;455.30;635.42;239.42;;;358.68;388.01;;;;;428.80;400.45;;;;;403.13;381.31;;;;;118.44;574.27
244;;Eliminated by 407 in Round 5;5 - Glass stepping stones;13;447;0;0;133.32;560.52;334.86;71.87;381.09;382.92;415.46;352.15;634.79;258.45;;;411.41;425.16;;;;;409.05;401.74;;;;;418.51;404.89;;;;;133.32;560.52
308;;Jumped on wrong glass pane and eliminated Round 5;5 - Glass stepping stones;13;448;0;0;114.64;554.33;323.08;35.98;388.23;422.01;417.19;333.28;687.41;290.21;;;442.27;417.49;;;;;403.24;415.71;;;;;407.48;408.37;;;;;114.64;554.33
322;Jung Min-tae;Eliminated by 101 in Round 5;5 - Glass stepping stones;13;449;0;0;106.56;547.11;447.71;123.42;436.58;430.09;373.94;429.88;675.72;288.00;;;453.27;417.13;;;;;420.90;407.35;;;;;400.03;400.09;;;;;106.56;547.11
360;;Jumped on wrong glass pane and eliminated Round 5;5 - Glass stepping stones;13;450;0;0;129.52;541.10;291.23;99.41;434.50;451.57;449.96;436.80;708.02;205.62;;;420.40;393.52;;;;;403.15;396.92;;;;;410.57;397.36;;;;;129.52;541.10
407;;Jumped on wrong glass pane and eliminated Round 5;5 - Glass stepping stones;13;451;0;0;136.11;549.91;334.87;144.20;321.55;393.68;405.56;420.61;684.26;188.99;;;403.13;380.76;;;;;375.21;402.18;;;;;391.53;394.49;;;;;136.11;549.91
453;;Jumped on wrong glass pane and eliminated Round 5;5 - Glass stepping stones;13;452;0;0;143.84;557.88;363.88;10.04;360.66;387.21;384.52;426.87;651.01;245.97;;;356.10;371.67;;;;;389.84;383.51;;;;;380.97;398.41;;;;;143.84;557.88
67;Kang Sae-byeok;Eliminated by 218 between Round 5 and 6;5 and 6 - between;15;453;-0.0007992895651533604;0.0027881827616406756;410.60;398.59;441.83;141.29;434.53;372.43;444.87;418.31;693.47;234.20;;;378.89;396.76;;;;;407.47;378.61;;;;;420.95;383.56;;;;;407.01;409.02
218;Cho Sang-woo;Voluntarily eliminated himself with a knife in Round 6;6 - Squid Game;16;454;0.0012419915046186613;0.009255095291945598;125.05;234.95;430.78;34.37;398.64;406.36;457.31;444.99;628.08;278.66;;;428.43;430.60;;;;;380.60;377.59;;;;;382.79;387.56;;;;;410.33;398.53
456;Seong Gi-hun;Won and exited the game;won;17;455;0.0036212847371185322;0.00145775519341481;120.69;245.05;341.11;89.13;446.82;402.10;427.50;364.03;596.86;248.13;;;407.69;407.17;;;;;411.17;411.50;;;;;414.75;415.28;;;;;393.66;399.18
